M0_AMAN_Update	INITIALISATION/inv0,1/INV	FAIL:not in .bpo
M0_AMAN_Update	AMAN_Update/inv0,1/INV	FAIL:not in .bpo
M0_AMAN_Update_prob_mc_Ctx	axm_init_airplanes/WD	PASS
M1_Landing_Sequence	inv13,2/WD	PASS
M1_Landing_Sequence	INITIALISATION/inv1,1/INV	PASS
M1_Landing_Sequence	INITIALISATION/inv13,2/INV	PASS
M1_Landing_Sequence	INITIALISATION/glue1,1/INV	PASS
M1_Landing_Sequence	AMAN_Update/inv1,2/WD	PASS
M1_Landing_Sequence	AMAN_Update/inv1,1/INV	PASS
M1_Landing_Sequence	AMAN_Update/inv13,2/INV	PASS
M1_Landing_Sequence	AMAN_Update/glue1,1/INV	PASS
M1_Landing_Sequence	Move_Aircraft/grd1,3/WD	PASS
M1_Landing_Sequence	Move_Aircraft/grd1,4/WD	PASS
M1_Landing_Sequence	Move_Aircraft/inv1,1/INV	PASS
M1_Landing_Sequence	Move_Aircraft/inv13,2/INV	PASS
M1_Landing_Sequence	Move_Aircraft/glue1,1/INV	PASS
M1_Landing_Sequence	INITIALISATION/inv13,2/WD	FAIL:not in .bpo
M1_Landing_Sequence	INITIALISATION/act0,1/SIM	FAIL:not in .bpo
M1_Landing_Sequence	AMAN_Update/inv13,2/WD	FAIL:not in .bpo
M1_Landing_Sequence	AMAN_Update/grd0,1/GRD	FAIL:not in .bpo
M1_Landing_Sequence	AMAN_Update/act0,1/SIM	FAIL:not in .bpo
M1_Landing_Sequence	AMAN_Update/newScheduledAirplanes/WFIS	FAIL:not in .bpo
M1_Landing_Sequence	Move_Aircraft/inv13,2/WD	FAIL:not in .bpo
M1_Landing_Sequence	Move_Aircraft/act1,1/WD	FAIL:not in .bpo
M1_Landing_Sequence_Ctx	axm3,1/WD	PASS
M1_Landing_Sequence_Ctx	axm3,2/WD	PASS
M1_Landing_Sequence_Ctx	axm3,2/THM	PASS
M1_Landing_Sequence_Ctx	axm3,4/WD	PASS
M2_Hold_Button	INITIALISATION/inv4,1/INV	PASS
M2_Hold_Button	AMAN_Update/inv4,1/INV	PASS
M2_Hold_Button	Move_Aircraft/inv4,1/INV	PASS
M2_Hold_Button	Hold_Button/inv4,1/INV	PASS
M2_Hold_Button	AMAN_Update/inv1,2/WD	FAIL:not in .bpo
M2_Hold_Button	Move_Aircraft/grd1,3/WD	FAIL:not in .bpo
M2_Hold_Button	Move_Aircraft/grd1,4/WD	FAIL:not in .bpo
M2_Hold_Button	Move_Aircraft/act1,1/WD	FAIL:not in .bpo
M3_Block_Timeslots	INITIALISATION/inv3,1/INV	PASS
M3_Block_Timeslots	AMAN_Update/inv3,1/INV	PASS
M3_Block_Timeslots	Block_Time/inv3,1/INV	PASS
M3_Block_Timeslots	Deblock_Time/inv3,1/INV	PASS
M3_Block_Timeslots	AMAN_Update/inv1,2/WD	FAIL:not in .bpo
M3_Block_Timeslots	Move_Aircraft/grd1,3/WD	FAIL:not in .bpo
M3_Block_Timeslots	Move_Aircraft/grd1,4/WD	FAIL:not in .bpo
M3_Block_Timeslots	Move_Aircraft/act1,1/WD	FAIL:not in .bpo
M4_Zoom	INITIALISATION/inv6,1/INV	PASS
M4_Zoom	Move_Aircraft/grd6,1/WD	PASS
M4_Zoom	Hold_Button/grd6,1/WD	PASS
M4_Zoom	changeZoom/inv6,1/INV	PASS
M4_Zoom	AMAN_Update/inv1,2/WD	FAIL:not in .bpo
M4_Zoom	Move_Aircraft/grd1,3/WD	FAIL:not in .bpo
M4_Zoom	Move_Aircraft/grd1,4/WD	FAIL:not in .bpo
M4_Zoom	Move_Aircraft/act1,1/WD	FAIL:not in .bpo
M4_Zoom_Ctx	ZOOM_LEVELS_value/WD	PASS
M4_Zoom_Ctx	ZOOM_LEVELS_sub_PLANNING_INTERVAL/THM	PASS
M4_Zoom_prob_mc_Ctx	ZOOM_LEVELS_inst/WD	PASS
M5_AMAN_Timeout	INITIALISATION/inv5,1/INV	FAIL:not in .bpo
M5_AMAN_Timeout	AMAN_Update/inv5,1/INV	FAIL:not in .bpo
M5_AMAN_Timeout	AMAN_Update/inv1,2/WD	FAIL:not in .bpo
M5_AMAN_Timeout	AMAN_Timeout/inv5,1/INV	FAIL:not in .bpo
M5_AMAN_Timeout	Move_Aircraft/grd1,3/WD	FAIL:not in .bpo
M5_AMAN_Timeout	Move_Aircraft/grd1,4/WD	FAIL:not in .bpo
M5_AMAN_Timeout	Move_Aircraft/grd6,1/WD	FAIL:not in .bpo
M5_AMAN_Timeout	Move_Aircraft/act1,1/WD	FAIL:not in .bpo
M5_AMAN_Timeout	Hold_Button/grd6,1/WD	FAIL:not in .bpo
M6_Select_Airplane	selectedAirplane_card/WD	PASS
M6_Select_Airplane	INITIALISATION/inv7,1/INV	PASS
M6_Select_Airplane	INITIALISATION/selectedAirplane_finite/INV	PASS
M6_Select_Airplane	INITIALISATION/selectedAirplane_card/INV	PASS
M6_Select_Airplane	AMAN_Update/inv7,1/INV	PASS
M6_Select_Airplane	AMAN_Update/selectedAirplane_finite/INV	PASS
M6_Select_Airplane	AMAN_Update/selectedAirplane_card/INV	PASS
M6_Select_Airplane	AMAN_Timeout/inv7,1/INV	PASS
M6_Select_Airplane	AMAN_Timeout/selectedAirplane_finite/INV	PASS
M6_Select_Airplane	AMAN_Timeout/selectedAirplane_card/INV	PASS
M6_Select_Airplane	Move_Aircraft/inv7,1/INV	PASS
M6_Select_Airplane	Hold_Button/inv7,1/INV	PASS
M6_Select_Airplane	Hold_Button/selectedAirplane_finite/INV	PASS
M6_Select_Airplane	Hold_Button/selectedAirplane_card/INV	PASS
M6_Select_Airplane	changeZoom/inv7,1/INV	PASS
M6_Select_Airplane	changeZoom/selectedAirplane_finite/INV	PASS
M6_Select_Airplane	changeZoom/selectedAirplane_card/INV	PASS
M6_Select_Airplane	selectAirplane/grd6,2/WD	PASS
M6_Select_Airplane	selectAirplane/inv7,1/INV	PASS
M6_Select_Airplane	selectAirplane/selectedAirplane_finite/INV	PASS
M6_Select_Airplane	selectAirplane/selectedAirplane_card/INV	PASS
M6_Select_Airplane	deselectAirplane/inv7,1/INV	PASS
M6_Select_Airplane	deselectAirplane/selectedAirplane_finite/INV	PASS
M6_Select_Airplane	deselectAirplane/selectedAirplane_card/INV	PASS
M6_Select_Airplane	INITIALISATION/selectedAirplane_card/WD	FAIL:not in .bpo
M6_Select_Airplane	AMAN_Update/selectedAirplane_card/WD	FAIL:not in .bpo
M6_Select_Airplane	AMAN_Update/inv1,2/WD	FAIL:not in .bpo
M6_Select_Airplane	AMAN_Timeout/selectedAirplane_card/WD	FAIL:not in .bpo
M6_Select_Airplane	Move_Aircraft/grd1,3/WD	FAIL:not in .bpo
M6_Select_Airplane	Move_Aircraft/grd1,4/WD	FAIL:not in .bpo
M6_Select_Airplane	Move_Aircraft/grd6,1/WD	FAIL:not in .bpo
M6_Select_Airplane	Move_Aircraft/act1,1/WD	FAIL:not in .bpo
M6_Select_Airplane	Hold_Button/selectedAirplane_card/WD	FAIL:not in .bpo
M6_Select_Airplane	Hold_Button/grd6,1/WD	FAIL:not in .bpo
M6_Select_Airplane	changeZoom/selectedAirplane_card/WD	FAIL:not in .bpo
M6_Select_Airplane	selectAirplane/selectedAirplane_card/WD	FAIL:not in .bpo
M6_Select_Airplane	deselectAirplane/selectedAirplane_card/WD	FAIL:not in .bpo
M7_Interaction_Pauses_Updates	INITIALISATION/dragging_selected_airplane/INV	PASS
M7_Interaction_Pauses_Updates	AMAN_Update/dragging_selected_airplane/INV	PASS
M7_Interaction_Pauses_Updates	AMAN_Timeout/dragging_selected_airplane/INV	PASS
M7_Interaction_Pauses_Updates	Move_Aircraft/dragging_selected_airplane/INV	PASS
M7_Interaction_Pauses_Updates	Hold_Button/dragging_selected_airplane/INV	PASS
M7_Interaction_Pauses_Updates	changeZoom/dragging_selected_airplane/INV	PASS
M7_Interaction_Pauses_Updates	selectAirplane/dragging_selected_airplane/INV	PASS
M7_Interaction_Pauses_Updates	deselectAirplane/dragging_selected_airplane/INV	PASS
M7_Interaction_Pauses_Updates	resume_dragging_airplane/dragging_selected_airplane/INV	PASS
M7_Interaction_Pauses_Updates	stop_dragging_airplane/dragging_selected_airplane/INV	PASS
M7_Interaction_Pauses_Updates	INITIALISATION/dragging_airplane_type/INV	FAIL:not in .bpo
M7_Interaction_Pauses_Updates	AMAN_Update/inv1,2/WD	FAIL:not in .bpo
M7_Interaction_Pauses_Updates	Move_Aircraft/dragging_airplane_type/INV	FAIL:not in .bpo
M7_Interaction_Pauses_Updates	Move_Aircraft/grd1,3/WD	FAIL:not in .bpo
M7_Interaction_Pauses_Updates	Move_Aircraft/grd1,4/WD	FAIL:not in .bpo
M7_Interaction_Pauses_Updates	Move_Aircraft/grd6,1/WD	FAIL:not in .bpo
M7_Interaction_Pauses_Updates	Move_Aircraft/act1,1/WD	FAIL:not in .bpo
M7_Interaction_Pauses_Updates	Hold_Button/grd6,1/WD	FAIL:not in .bpo
M7_Interaction_Pauses_Updates	selectAirplane/dragging_airplane_type/INV	FAIL:not in .bpo
M7_Interaction_Pauses_Updates	selectAirplane/grd6,2/WD	FAIL:not in .bpo
M7_Interaction_Pauses_Updates	resume_dragging_airplane/dragging_airplane_type/INV	FAIL:not in .bpo
M7_Interaction_Pauses_Updates	stop_dragging_airplane/dragging_airplane_type/INV	FAIL:not in .bpo
M8_Interaction_Events	dragged_airplane_card/WD	PASS
M8_Interaction_Events	dragged_zoom_level_card/WD	PASS
M8_Interaction_Events	INITIALISATION/dragged_airplane_type/INV	PASS
M8_Interaction_Events	INITIALISATION/dragged_airplane_finite/INV	PASS
M8_Interaction_Events	INITIALISATION/dragged_airplane_card/INV	PASS
M8_Interaction_Events	INITIALISATION/dragging_airplane_glue/INV	PASS
M8_Interaction_Events	INITIALISATION/dragged_zoom_level_type/INV	PASS
M8_Interaction_Events	INITIALISATION/dragged_zoom_level_finite/INV	PASS
M8_Interaction_Events	INITIALISATION/dragged_zoom_level_card/INV	PASS
M8_Interaction_Events	INITIALISATION/cannot_move_airplane_while_zooming/INV	PASS
M8_Interaction_Events	AMAN_Update/dragged_airplane_type/INV	PASS
M8_Interaction_Events	AMAN_Update/not_dragging_airplane/GRD	PASS
M8_Interaction_Events	AMAN_Timeout/dragged_airplane_type/INV	PASS
M8_Interaction_Events	AMAN_Timeout/not_dragging_airplane/GRD	PASS
M8_Interaction_Events	Move_Aircraft/grd1,3/WD	PASS
M8_Interaction_Events	Move_Aircraft/grd1,4/WD	PASS
M8_Interaction_Events	Move_Aircraft/dragged_airplane_type/INV	PASS
M8_Interaction_Events	Move_Aircraft/dragged_airplane_finite/INV	PASS
M8_Interaction_Events	Move_Aircraft/dragged_airplane_card/INV	PASS
M8_Interaction_Events	Move_Aircraft/dragging_airplane_glue/INV	PASS
M8_Interaction_Events	Move_Aircraft/cannot_move_airplane_while_zooming/INV	PASS
M8_Interaction_Events	Move_Aircraft/grd1,1/GRD	PASS
M8_Interaction_Events	Move_Aircraft/grd1,2/GRD	PASS
M8_Interaction_Events	Move_Aircraft/grd6,1/GRD	PASS
M8_Interaction_Events	Move_Aircraft/grd6,2/GRD	PASS
M8_Interaction_Events	Move_Aircraft/grd7,1/GRD	PASS
M8_Interaction_Events	Move_Aircraft/is_dragging_airplane/GRD	PASS
M8_Interaction_Events	Hold_Button/dragged_airplane_type/INV	PASS
M8_Interaction_Events	Hold_Button/not_dragging_airplane/GRD	PASS
M8_Interaction_Events	changeZoom/dragged_airplane_type/INV	PASS
M8_Interaction_Events	changeZoom/dragged_zoom_level_type/INV	PASS
M8_Interaction_Events	changeZoom/dragged_zoom_level_finite/INV	PASS
M8_Interaction_Events	changeZoom/dragged_zoom_level_card/INV	PASS
M8_Interaction_Events	changeZoom/cannot_move_airplane_while_zooming/INV	PASS
M8_Interaction_Events	changeZoom/grd6,1/GRD	PASS
M8_Interaction_Events	changeZoom/not_dragging_airplane/GRD	PASS
M8_Interaction_Events	selectAirplane/grd6,3/WD	PASS
M8_Interaction_Events	selectAirplane/dragged_airplane_type/INV	PASS
M8_Interaction_Events	selectAirplane/dragged_airplane_finite/INV	PASS
M8_Interaction_Events	selectAirplane/dragged_airplane_card/INV	PASS
M8_Interaction_Events	selectAirplane/dragging_airplane_glue/INV	PASS
M8_Interaction_Events	selectAirplane/cannot_move_airplane_while_zooming/INV	PASS
M8_Interaction_Events	selectAirplane/grd6,1/GRD	PASS
M8_Interaction_Events	selectAirplane/not_dragging_airplane/GRD	PASS
M8_Interaction_Events	selectAirplane/dragged_airplane/WD	PASS
M8_Interaction_Events	deselectAirplane/grd6,3/WD	PASS
M8_Interaction_Events	deselectAirplane/dragged_airplane_type/INV	PASS
M8_Interaction_Events	deselectAirplane/not_dragging_airplane/GRD	PASS
M8_Interaction_Events	resume_dragging_airplane/dragged_airplane_type/INV	PASS
M8_Interaction_Events	resume_dragging_airplane/dragged_airplane_finite/INV	PASS
M8_Interaction_Events	resume_dragging_airplane/dragged_airplane_card/INV	PASS
M8_Interaction_Events	resume_dragging_airplane/dragging_airplane_glue/INV	PASS
M8_Interaction_Events	resume_dragging_airplane/cannot_move_airplane_while_zooming/INV	PASS
M8_Interaction_Events	resume_dragging_airplane/airplane_selected/GRD	PASS
M8_Interaction_Events	resume_dragging_airplane/not_dragging_airplane/GRD	PASS
M8_Interaction_Events	resume_dragging_airplane/dragged_airplane/WD	PASS
M8_Interaction_Events	stop_dragging_airplane/dest_not_allowed/WD	PASS
M8_Interaction_Events	stop_dragging_airplane/dragged_airplane_type/INV	PASS
M8_Interaction_Events	stop_dragging_airplane/dragged_airplane_finite/INV	PASS
M8_Interaction_Events	stop_dragging_airplane/dragged_airplane_card/INV	PASS
M8_Interaction_Events	stop_dragging_airplane/dragging_airplane_glue/INV	PASS
M8_Interaction_Events	stop_dragging_airplane/cannot_move_airplane_while_zooming/INV	PASS
M8_Interaction_Events	stop_dragging_airplane/is_dragging_airplane/GRD	PASS
M8_Interaction_Events	drag_airplane/different_time/WD	PASS
M8_Interaction_Events	drag_airplane/dragged_airplane_type/INV	PASS
M8_Interaction_Events	drag_airplane/dragged_airplane_finite/INV	PASS
M8_Interaction_Events	drag_airplane/dragged_airplane_card/INV	PASS
M8_Interaction_Events	drag_airplane/dragging_airplane_glue/INV	PASS
M8_Interaction_Events	drag_airplane/cannot_move_airplane_while_zooming/INV	PASS
M8_Interaction_Events	start_dragging_zoom_slider/dragged_zoom_level_type/INV	PASS
M8_Interaction_Events	start_dragging_zoom_slider/dragged_zoom_level_finite/INV	PASS
M8_Interaction_Events	start_dragging_zoom_slider/dragged_zoom_level_card/INV	PASS
M8_Interaction_Events	start_dragging_zoom_slider/cannot_move_airplane_while_zooming/INV	PASS
M8_Interaction_Events	drag_zoom_slider/dragged_zoom_level_type/INV	PASS
M8_Interaction_Events	drag_zoom_slider/dragged_zoom_level_finite/INV	PASS
M8_Interaction_Events	drag_zoom_slider/dragged_zoom_level_card/INV	PASS
M8_Interaction_Events	drag_zoom_slider/cannot_move_airplane_while_zooming/INV	PASS
M8_Interaction_Events	INITIALISATION/dragged_airplane_card/WD	FAIL:not in .bpo
M8_Interaction_Events	INITIALISATION/dragged_zoom_level_card/WD	FAIL:not in .bpo
M8_Interaction_Events	INITIALISATION/act1,1/SIM	FAIL:not in .bpo
M8_Interaction_Events	INITIALISATION/act2,1/SIM	FAIL:not in .bpo
M8_Interaction_Events	INITIALISATION/act3,1/SIM	FAIL:not in .bpo
M8_Interaction_Events	INITIALISATION/act6,1/SIM	FAIL:not in .bpo
M8_Interaction_Events	INITIALISATION/act5,1/SIM	FAIL:not in .bpo
M8_Interaction_Events	INITIALISATION/act7,1/SIM	FAIL:not in .bpo
M8_Interaction_Events	INITIALISATION/dragging_airplane/SIM	FAIL:not in .bpo
M8_Interaction_Events	AMAN_Update/act1,1/SIM	FAIL:not in .bpo
M8_Interaction_Events	AMAN_Update/act2,1/SIM	FAIL:not in .bpo
M8_Interaction_Events	AMAN_Update/act3,1/SIM	FAIL:not in .bpo
M8_Interaction_Events	AMAN_Update/act5,1/SIM	FAIL:not in .bpo
M8_Interaction_Events	AMAN_Update/act7,1/SIM	FAIL:not in .bpo
M8_Interaction_Events	AMAN_Update/inv1,2/WD	FAIL:not in .bpo
M8_Interaction_Events	AMAN_Timeout/act5,1/SIM	FAIL:not in .bpo
M8_Interaction_Events	AMAN_Timeout/act7,1/SIM	FAIL:not in .bpo
M8_Interaction_Events	Move_Aircraft/dragged_airplane_card/WD	FAIL:not in .bpo
M8_Interaction_Events	Move_Aircraft/act1,1/SIM	FAIL:not in .bpo
M8_Interaction_Events	Move_Aircraft/dragging_airplane/SIM	FAIL:not in .bpo
M8_Interaction_Events	Move_Aircraft/act1,1/WD	FAIL:not in .bpo
M8_Interaction_Events	Hold_Button/act2,1/SIM	FAIL:not in .bpo
M8_Interaction_Events	Hold_Button/act6,1/SIM	FAIL:not in .bpo
M8_Interaction_Events	Hold_Button/grd6,1/WD	FAIL:not in .bpo
M8_Interaction_Events	changeZoom/dragged_zoom_level_card/WD	FAIL:not in .bpo
M8_Interaction_Events	changeZoom/act6,1/SIM	FAIL:not in .bpo
M8_Interaction_Events	changeZoom/selectedAirplane/SIM	FAIL:not in .bpo
M8_Interaction_Events	selectAirplane/dragged_airplane_card/WD	FAIL:not in .bpo
M8_Interaction_Events	selectAirplane/act6,1/SIM	FAIL:not in .bpo
M8_Interaction_Events	selectAirplane/dragging_airplane/SIM	FAIL:not in .bpo
M8_Interaction_Events	deselectAirplane/act6,1/SIM	FAIL:not in .bpo
M8_Interaction_Events	resume_dragging_airplane/dragged_airplane_card/WD	FAIL:not in .bpo
M8_Interaction_Events	resume_dragging_airplane/dragging_airplane/SIM	FAIL:not in .bpo
M8_Interaction_Events	stop_dragging_airplane/dragged_airplane_card/WD	FAIL:not in .bpo
M8_Interaction_Events	stop_dragging_airplane/dragging_airplane/SIM	FAIL:not in .bpo
M8_Interaction_Events	drag_airplane/dragged_airplane_card/WD	FAIL:not in .bpo
M8_Interaction_Events	start_dragging_zoom_slider/dragged_zoom_level_card/WD	FAIL:not in .bpo
M8_Interaction_Events	drag_zoom_slider/dragged_zoom_level_card/WD	FAIL:not in .bpo
M9_Push_Mouse_Button_prob_mc	Move_Aircraft/grd1,3/WD	FAIL:not in .bpo
M9_Push_Mouse_Button_prob_mc	Move_Aircraft/grd1,4/WD	FAIL:not in .bpo
M9_Push_Mouse_Button_prob_mc	Move_Aircraft/act1,1/WD	FAIL:not in .bpo
M9_Push_Mouse_Button_prob_mc	selectAirplane/grd6,3/WD	FAIL:not in .bpo
M9_Push_Mouse_Button_prob_mc	selectAirplane/dragged_airplane/WD	FAIL:not in .bpo
M9_Push_Mouse_Button_prob_mc	deselectAirplane/grd6,3/WD	FAIL:not in .bpo
M9_Push_Mouse_Button_prob_mc	resume_dragging_airplane/dragged_airplane/WD	FAIL:not in .bpo
M9_Push_Mouse_Button_prob_mc	stop_dragging_airplane/dest_not_allowed/WD	FAIL:not in .bpo
M9_Push_Mouse_Button_prob_mc	drag_airplane/different_time/WD	FAIL:not in .bpo
M9_Push_Mouse_Buttons	is_clicked_block_card/WD	PASS
M9_Push_Mouse_Buttons	block_slot_position_card/WD	PASS
M9_Push_Mouse_Buttons	airplane_Position_card/WD	PASS
M9_Push_Mouse_Buttons	zoom_Position_card/WD	PASS
M9_Push_Mouse_Buttons	INITIALISATION/is_clicked_block/INV	PASS
M9_Push_Mouse_Buttons	INITIALISATION/is_clicked_block_fin/INV	PASS
M9_Push_Mouse_Buttons	INITIALISATION/is_clicked_block_card/INV	PASS
M9_Push_Mouse_Buttons	INITIALISATION/block_slot_position/INV	PASS
M9_Push_Mouse_Buttons	INITIALISATION/block_slot_position_fin/INV	PASS
M9_Push_Mouse_Buttons	INITIALISATION/block_slot_position_card/INV	PASS
M9_Push_Mouse_Buttons	INITIALISATION/airplane_Position/INV	PASS
M9_Push_Mouse_Buttons	INITIALISATION/airplane_Position_fin/INV	PASS
M9_Push_Mouse_Buttons	INITIALISATION/airplane_Position_card/INV	PASS
M9_Push_Mouse_Buttons	INITIALISATION/zoom_Position/INV	PASS
M9_Push_Mouse_Buttons	INITIALISATION/zoom_Position_fin/INV	PASS
M9_Push_Mouse_Buttons	INITIALISATION/zoom_Position_card/INV	PASS
M9_Push_Mouse_Buttons	INITIALISATION/mouse_pos_not_empty/INV	PASS
M9_Push_Mouse_Buttons	INITIALISATION/zoom_pos_not_empty/INV	PASS
M9_Push_Mouse_Buttons	INITIALISATION/block_pos_not_empty/INV	PASS
M9_Push_Mouse_Buttons	INITIALISATION/click_start_airplane/INV	PASS
M9_Push_Mouse_Buttons	INITIALISATION/click_start_block/INV	PASS
M9_Push_Mouse_Buttons	INITIALISATION/click_start_zoom/INV	PASS
M9_Push_Mouse_Buttons	INITIALISATION/mouse_over_airplane_when_dragged/INV	PASS
M9_Push_Mouse_Buttons	Move_Mouse_Hold/block_slot_position/INV	PASS
M9_Push_Mouse_Buttons	Move_Mouse_Hold/block_slot_position_fin/INV	PASS
M9_Push_Mouse_Buttons	Move_Mouse_Hold/block_slot_position_card/INV	PASS
M9_Push_Mouse_Buttons	Move_Mouse_Hold/airplane_Position/INV	PASS
M9_Push_Mouse_Buttons	Move_Mouse_Hold/airplane_Position_fin/INV	PASS
M9_Push_Mouse_Buttons	Move_Mouse_Hold/airplane_Position_card/INV	PASS
M9_Push_Mouse_Buttons	Move_Mouse_Hold/zoom_Position/INV	PASS
M9_Push_Mouse_Buttons	Move_Mouse_Hold/zoom_Position_fin/INV	PASS
M9_Push_Mouse_Buttons	Move_Mouse_Hold/zoom_Position_card/INV	PASS
M9_Push_Mouse_Buttons	Move_Mouse_Hold/mouse_pos_not_empty/INV	PASS
M9_Push_Mouse_Buttons	Move_Mouse_Hold/zoom_pos_not_empty/INV	PASS
M9_Push_Mouse_Buttons	Move_Mouse_Hold/block_pos_not_empty/INV	PASS
M9_Push_Mouse_Buttons	Move_Mouse_Hold/mouse_over_airplane_when_dragged/INV	PASS
M9_Push_Mouse_Buttons	Move_Mouse_Zoom_Zooming/block_slot_position/INV	PASS
M9_Push_Mouse_Buttons	Move_Mouse_Zoom_Zooming/block_slot_position_fin/INV	PASS
M9_Push_Mouse_Buttons	Move_Mouse_Zoom_Zooming/block_slot_position_card/INV	PASS
M9_Push_Mouse_Buttons	Move_Mouse_Zoom_Zooming/airplane_Position/INV	PASS
M9_Push_Mouse_Buttons	Move_Mouse_Zoom_Zooming/airplane_Position_fin/INV	PASS
M9_Push_Mouse_Buttons	Move_Mouse_Zoom_Zooming/airplane_Position_card/INV	PASS
M9_Push_Mouse_Buttons	Move_Mouse_Zoom_Zooming/zoom_Position/INV	PASS
M9_Push_Mouse_Buttons	Move_Mouse_Zoom_Zooming/zoom_Position_fin/INV	PASS
M9_Push_Mouse_Buttons	Move_Mouse_Zoom_Zooming/zoom_Position_card/INV	PASS
M9_Push_Mouse_Buttons	Move_Mouse_Zoom_Zooming/mouse_pos_not_empty/INV	PASS
M9_Push_Mouse_Buttons	Move_Mouse_Zoom_Zooming/zoom_pos_not_empty/INV	PASS
M9_Push_Mouse_Buttons	Move_Mouse_Zoom_Zooming/block_pos_not_empty/INV	PASS
M9_Push_Mouse_Buttons	Move_Mouse_Zoom_Zooming/click_start_zoom/INV	PASS
M9_Push_Mouse_Buttons	Move_Mouse_Zoom_Zooming/mouse_over_airplane_when_dragged/INV	PASS
M9_Push_Mouse_Buttons	Move_Mouse_Zoom_Not_Zooming/block_slot_position/INV	PASS
M9_Push_Mouse_Buttons	Move_Mouse_Zoom_Not_Zooming/block_slot_position_fin/INV	PASS
M9_Push_Mouse_Buttons	Move_Mouse_Zoom_Not_Zooming/block_slot_position_card/INV	PASS
M9_Push_Mouse_Buttons	Move_Mouse_Zoom_Not_Zooming/airplane_Position/INV	PASS
M9_Push_Mouse_Buttons	Move_Mouse_Zoom_Not_Zooming/airplane_Position_fin/INV	PASS
M9_Push_Mouse_Buttons	Move_Mouse_Zoom_Not_Zooming/airplane_Position_card/INV	PASS
M9_Push_Mouse_Buttons	Move_Mouse_Zoom_Not_Zooming/zoom_Position/INV	PASS
M9_Push_Mouse_Buttons	Move_Mouse_Zoom_Not_Zooming/zoom_Position_fin/INV	PASS
M9_Push_Mouse_Buttons	Move_Mouse_Zoom_Not_Zooming/zoom_Position_card/INV	PASS
M9_Push_Mouse_Buttons	Move_Mouse_Zoom_Not_Zooming/mouse_pos_not_empty/INV	PASS
M9_Push_Mouse_Buttons	Move_Mouse_Zoom_Not_Zooming/zoom_pos_not_empty/INV	PASS
M9_Push_Mouse_Buttons	Move_Mouse_Zoom_Not_Zooming/block_pos_not_empty/INV	PASS
M9_Push_Mouse_Buttons	Move_Mouse_Zoom_Not_Zooming/mouse_over_airplane_when_dragged/INV	PASS
M9_Push_Mouse_Buttons	Move_Mouse_Block/block_slot_position/INV	PASS
M9_Push_Mouse_Buttons	Move_Mouse_Block/block_slot_position_fin/INV	PASS
M9_Push_Mouse_Buttons	Move_Mouse_Block/block_slot_position_card/INV	PASS
M9_Push_Mouse_Buttons	Move_Mouse_Block/airplane_Position/INV	PASS
M9_Push_Mouse_Buttons	Move_Mouse_Block/airplane_Position_fin/INV	PASS
M9_Push_Mouse_Buttons	Move_Mouse_Block/airplane_Position_card/INV	PASS
M9_Push_Mouse_Buttons	Move_Mouse_Block/zoom_Position/INV	PASS
M9_Push_Mouse_Buttons	Move_Mouse_Block/zoom_Position_fin/INV	PASS
M9_Push_Mouse_Buttons	Move_Mouse_Block/zoom_Position_card/INV	PASS
M9_Push_Mouse_Buttons	Move_Mouse_Block/mouse_pos_not_empty/INV	PASS
M9_Push_Mouse_Buttons	Move_Mouse_Block/zoom_pos_not_empty/INV	PASS
M9_Push_Mouse_Buttons	Move_Mouse_Block/block_pos_not_empty/INV	PASS
M9_Push_Mouse_Buttons	Move_Mouse_Block/mouse_over_airplane_when_dragged/INV	PASS
M9_Push_Mouse_Buttons	Move_Mouse_Airplane/block_slot_position/INV	PASS
M9_Push_Mouse_Buttons	Move_Mouse_Airplane/block_slot_position_fin/INV	PASS
M9_Push_Mouse_Buttons	Move_Mouse_Airplane/block_slot_position_card/INV	PASS
M9_Push_Mouse_Buttons	Move_Mouse_Airplane/airplane_Position/INV	PASS
M9_Push_Mouse_Buttons	Move_Mouse_Airplane/airplane_Position_fin/INV	PASS
M9_Push_Mouse_Buttons	Move_Mouse_Airplane/airplane_Position_card/INV	PASS
M9_Push_Mouse_Buttons	Move_Mouse_Airplane/zoom_Position/INV	PASS
M9_Push_Mouse_Buttons	Move_Mouse_Airplane/zoom_Position_fin/INV	PASS
M9_Push_Mouse_Buttons	Move_Mouse_Airplane/zoom_Position_card/INV	PASS
M9_Push_Mouse_Buttons	Move_Mouse_Airplane/mouse_pos_not_empty/INV	PASS
M9_Push_Mouse_Buttons	Move_Mouse_Airplane/zoom_pos_not_empty/INV	PASS
M9_Push_Mouse_Buttons	Move_Mouse_Airplane/block_pos_not_empty/INV	PASS
M9_Push_Mouse_Buttons	Move_Mouse_Airplane/mouse_over_airplane_when_dragged/INV	PASS
M9_Push_Mouse_Buttons	Move_Mouse_Nothing/block_slot_position/INV	PASS
M9_Push_Mouse_Buttons	Move_Mouse_Nothing/block_slot_position_fin/INV	PASS
M9_Push_Mouse_Buttons	Move_Mouse_Nothing/block_slot_position_card/INV	PASS
M9_Push_Mouse_Buttons	Move_Mouse_Nothing/airplane_Position/INV	PASS
M9_Push_Mouse_Buttons	Move_Mouse_Nothing/airplane_Position_fin/INV	PASS
M9_Push_Mouse_Buttons	Move_Mouse_Nothing/airplane_Position_card/INV	PASS
M9_Push_Mouse_Buttons	Move_Mouse_Nothing/zoom_Position/INV	PASS
M9_Push_Mouse_Buttons	Move_Mouse_Nothing/zoom_Position_fin/INV	PASS
M9_Push_Mouse_Buttons	Move_Mouse_Nothing/zoom_Position_card/INV	PASS
M9_Push_Mouse_Buttons	Move_Mouse_Nothing/mouse_pos_not_empty/INV	PASS
M9_Push_Mouse_Buttons	Move_Mouse_Nothing/zoom_pos_not_empty/INV	PASS
M9_Push_Mouse_Buttons	Move_Mouse_Nothing/block_pos_not_empty/INV	PASS
M9_Push_Mouse_Buttons	Move_Mouse_Nothing/mouse_over_airplane_when_dragged/INV	PASS
M9_Push_Mouse_Buttons	AMAN_Update_mouse_to_nothing/airplane_Position/INV	PASS
M9_Push_Mouse_Buttons	AMAN_Update_mouse_to_nothing/airplane_Position_fin/INV	PASS
M9_Push_Mouse_Buttons	AMAN_Update_mouse_to_nothing/airplane_Position_card/INV	PASS
M9_Push_Mouse_Buttons	AMAN_Update_mouse_to_nothing/mouse_pos_not_empty/INV	PASS
M9_Push_Mouse_Buttons	AMAN_Update_mouse_to_nothing/zoom_pos_not_empty/INV	PASS
M9_Push_Mouse_Buttons	AMAN_Update_mouse_to_nothing/block_pos_not_empty/INV	PASS
M9_Push_Mouse_Buttons	AMAN_Update_mouse_to_nothing/mouse_over_airplane_when_dragged/INV	PASS
M9_Push_Mouse_Buttons	AMAN_Update_mouse_to_airplane/airplane_Position/INV	PASS
M9_Push_Mouse_Buttons	AMAN_Update_mouse_to_airplane/airplane_Position_fin/INV	PASS
M9_Push_Mouse_Buttons	AMAN_Update_mouse_to_airplane/airplane_Position_card/INV	PASS
M9_Push_Mouse_Buttons	AMAN_Update_mouse_to_airplane/mouse_pos_not_empty/INV	PASS
M9_Push_Mouse_Buttons	AMAN_Update_mouse_to_airplane/zoom_pos_not_empty/INV	PASS
M9_Push_Mouse_Buttons	AMAN_Update_mouse_to_airplane/block_pos_not_empty/INV	PASS
M9_Push_Mouse_Buttons	AMAN_Update_mouse_to_airplane/mouse_over_airplane_when_dragged/INV	PASS
M9_Push_Mouse_Buttons	AMAN_Update_mouse_stays/airplane_Position/INV	PASS
M9_Push_Mouse_Buttons	Move_Aircraft/theorem/THM	PASS
M9_Push_Mouse_Buttons	Move_Aircraft/airplane_Position/INV	PASS
M9_Push_Mouse_Buttons	Move_Aircraft/click_start_airplane/INV	PASS
M9_Push_Mouse_Buttons	Move_Aircraft/click_start_block/INV	PASS
M9_Push_Mouse_Buttons	Move_Aircraft/click_start_zoom/INV	PASS
M9_Push_Mouse_Buttons	Move_Aircraft/mouse_over_airplane_when_dragged/INV	PASS
M9_Push_Mouse_Buttons	Click_Hold_Button/click_start_airplane/INV	PASS
M9_Push_Mouse_Buttons	Click_Hold_Button/click_start_block/INV	PASS
M9_Push_Mouse_Buttons	Click_Hold_Button/click_start_zoom/INV	PASS
M9_Push_Mouse_Buttons	Release_Trigger_Hold_Button/click_start_airplane/INV	PASS
M9_Push_Mouse_Buttons	Release_Trigger_Hold_Button/click_start_block/INV	PASS
M9_Push_Mouse_Buttons	Release_Trigger_Hold_Button/click_start_zoom/INV	PASS
M9_Push_Mouse_Buttons	Release_Abort_Hold_Button/click_start_airplane/INV	PASS
M9_Push_Mouse_Buttons	Release_Abort_Hold_Button/click_start_block/INV	PASS
M9_Push_Mouse_Buttons	Release_Abort_Hold_Button/click_start_zoom/INV	PASS
M9_Push_Mouse_Buttons	Click_Block_Time/is_clicked_block/INV	PASS
M9_Push_Mouse_Buttons	Click_Block_Time/is_clicked_block_fin/INV	PASS
M9_Push_Mouse_Buttons	Click_Block_Time/is_clicked_block_card/INV	PASS
M9_Push_Mouse_Buttons	Click_Block_Time/click_start_airplane/INV	PASS
M9_Push_Mouse_Buttons	Click_Block_Time/click_start_block/INV	PASS
M9_Push_Mouse_Buttons	Click_Block_Time/click_start_zoom/INV	PASS
M9_Push_Mouse_Buttons	Release_Trigger_Block_Time/theorem/THM	PASS
M9_Push_Mouse_Buttons	Release_Trigger_Block_Time/time/WFIS	PASS
M9_Push_Mouse_Buttons	Release_Trigger_Block_Time/is_clicked_block/INV	PASS
M9_Push_Mouse_Buttons	Release_Trigger_Block_Time/is_clicked_block_fin/INV	PASS
M9_Push_Mouse_Buttons	Release_Trigger_Block_Time/is_clicked_block_card/INV	PASS
M9_Push_Mouse_Buttons	Release_Trigger_Block_Time/click_start_airplane/INV	PASS
M9_Push_Mouse_Buttons	Release_Trigger_Block_Time/click_start_block/INV	PASS
M9_Push_Mouse_Buttons	Release_Trigger_Block_Time/click_start_zoom/INV	PASS
M9_Push_Mouse_Buttons	Release_Trigger_Block_Time/grd3,1/GRD	PASS
M9_Push_Mouse_Buttons	Release_Trigger_Block_Time/grd6,1/GRD	PASS
M9_Push_Mouse_Buttons	Release_Trigger_Block_Time/act3,1/SIM	PASS
M9_Push_Mouse_Buttons	Release_Abort_Time_Button/is_clicked_block/INV	PASS
M9_Push_Mouse_Buttons	Release_Abort_Time_Button/is_clicked_block_fin/INV	PASS
M9_Push_Mouse_Buttons	Release_Abort_Time_Button/is_clicked_block_card/INV	PASS
M9_Push_Mouse_Buttons	Release_Abort_Time_Button/click_start_airplane/INV	PASS
M9_Push_Mouse_Buttons	Release_Abort_Time_Button/click_start_block/INV	PASS
M9_Push_Mouse_Buttons	Release_Abort_Time_Button/click_start_zoom/INV	PASS
M9_Push_Mouse_Buttons	Release_Trigger_Deblock_Time/time/WFIS	PASS
M9_Push_Mouse_Buttons	Release_Trigger_Deblock_Time/is_clicked_block/INV	PASS
M9_Push_Mouse_Buttons	Release_Trigger_Deblock_Time/is_clicked_block_fin/INV	PASS
M9_Push_Mouse_Buttons	Release_Trigger_Deblock_Time/is_clicked_block_card/INV	PASS
M9_Push_Mouse_Buttons	Release_Trigger_Deblock_Time/click_start_airplane/INV	PASS
M9_Push_Mouse_Buttons	Release_Trigger_Deblock_Time/click_start_block/INV	PASS
M9_Push_Mouse_Buttons	Release_Trigger_Deblock_Time/click_start_zoom/INV	PASS
M9_Push_Mouse_Buttons	Release_Trigger_Deblock_Time/grd3,1/GRD	PASS
M9_Push_Mouse_Buttons	Release_Trigger_Deblock_Time/grd6,1/GRD	PASS
M9_Push_Mouse_Buttons	Release_Trigger_Deblock_Time/act3,1/SIM	PASS
M9_Push_Mouse_Buttons	changeZoom/is_clicked_block/INV	PASS
M9_Push_Mouse_Buttons	changeZoom/block_slot_position/INV	PASS
M9_Push_Mouse_Buttons	changeZoom/airplane_Position/INV	PASS
M9_Push_Mouse_Buttons	changeZoom/click_start_airplane/INV	PASS
M9_Push_Mouse_Buttons	changeZoom/click_start_block/INV	PASS
M9_Push_Mouse_Buttons	changeZoom/click_start_zoom/INV	PASS
M9_Push_Mouse_Buttons	selectAirplane/click_start_airplane/INV	PASS
M9_Push_Mouse_Buttons	selectAirplane/click_start_block/INV	PASS
M9_Push_Mouse_Buttons	selectAirplane/click_start_zoom/INV	PASS
M9_Push_Mouse_Buttons	selectAirplane/mouse_over_airplane_when_dragged/INV	PASS
M9_Push_Mouse_Buttons	resume_dragging_airplane/click_start_airplane/INV	PASS
M9_Push_Mouse_Buttons	resume_dragging_airplane/click_start_block/INV	PASS
M9_Push_Mouse_Buttons	resume_dragging_airplane/click_start_zoom/INV	PASS
M9_Push_Mouse_Buttons	resume_dragging_airplane/mouse_over_airplane_when_dragged/INV	PASS
M9_Push_Mouse_Buttons	stop_dragging_airplane/theorem/THM	PASS
M9_Push_Mouse_Buttons	stop_dragging_airplane/click_start_airplane/INV	PASS
M9_Push_Mouse_Buttons	stop_dragging_airplane/click_start_block/INV	PASS
M9_Push_Mouse_Buttons	stop_dragging_airplane/click_start_zoom/INV	PASS
M9_Push_Mouse_Buttons	stop_dragging_airplane/mouse_over_airplane_when_dragged/INV	PASS
M9_Push_Mouse_Buttons	drag_airplane/click_start_airplane/INV	PASS
M9_Push_Mouse_Buttons	drag_airplane/mouse_over_airplane_when_dragged/INV	PASS
M9_Push_Mouse_Buttons	start_dragging_zoom_slider/click_start_airplane/INV	PASS
M9_Push_Mouse_Buttons	start_dragging_zoom_slider/click_start_block/INV	PASS
M9_Push_Mouse_Buttons	start_dragging_zoom_slider/click_start_zoom/INV	PASS
M9_Push_Mouse_Buttons	INITIALISATION/is_mouse_pressed/INV	FAIL:not in .bpo
M9_Push_Mouse_Buttons	INITIALISATION/current_mouse_selection/INV	FAIL:not in .bpo
M9_Push_Mouse_Buttons	INITIALISATION/is_clicked_block_card/WD	FAIL:not in .bpo
M9_Push_Mouse_Buttons	INITIALISATION/block_slot_position_card/WD	FAIL:not in .bpo
M9_Push_Mouse_Buttons	INITIALISATION/airplane_Position_card/WD	FAIL:not in .bpo
M9_Push_Mouse_Buttons	INITIALISATION/zoom_Position_card/WD	FAIL:not in .bpo
M9_Push_Mouse_Buttons	Move_Mouse_Hold/current_mouse_selection/INV	FAIL:not in .bpo
M9_Push_Mouse_Buttons	Move_Mouse_Hold/block_slot_position_card/WD	FAIL:not in .bpo
M9_Push_Mouse_Buttons	Move_Mouse_Hold/airplane_Position_card/WD	FAIL:not in .bpo
M9_Push_Mouse_Buttons	Move_Mouse_Hold/zoom_Position_card/WD	FAIL:not in .bpo
M9_Push_Mouse_Buttons	Move_Mouse_Zoom_Zooming/current_mouse_selection/INV	FAIL:not in .bpo
M9_Push_Mouse_Buttons	Move_Mouse_Zoom_Zooming/block_slot_position_card/WD	FAIL:not in .bpo
M9_Push_Mouse_Buttons	Move_Mouse_Zoom_Zooming/airplane_Position_card/WD	FAIL:not in .bpo
M9_Push_Mouse_Buttons	Move_Mouse_Zoom_Zooming/zoom_Position_card/WD	FAIL:not in .bpo
M9_Push_Mouse_Buttons	Move_Mouse_Zoom_Not_Zooming/current_mouse_selection/INV	FAIL:not in .bpo
M9_Push_Mouse_Buttons	Move_Mouse_Zoom_Not_Zooming/block_slot_position_card/WD	FAIL:not in .bpo
M9_Push_Mouse_Buttons	Move_Mouse_Zoom_Not_Zooming/airplane_Position_card/WD	FAIL:not in .bpo
M9_Push_Mouse_Buttons	Move_Mouse_Zoom_Not_Zooming/zoom_Position_card/WD	FAIL:not in .bpo
M9_Push_Mouse_Buttons	Move_Mouse_Block/current_mouse_selection/INV	FAIL:not in .bpo
M9_Push_Mouse_Buttons	Move_Mouse_Block/block_slot_position_card/WD	FAIL:not in .bpo
M9_Push_Mouse_Buttons	Move_Mouse_Block/airplane_Position_card/WD	FAIL:not in .bpo
M9_Push_Mouse_Buttons	Move_Mouse_Block/zoom_Position_card/WD	FAIL:not in .bpo
M9_Push_Mouse_Buttons	Move_Mouse_Airplane/current_mouse_selection/INV	FAIL:not in .bpo
M9_Push_Mouse_Buttons	Move_Mouse_Airplane/block_slot_position_card/WD	FAIL:not in .bpo
M9_Push_Mouse_Buttons	Move_Mouse_Airplane/airplane_Position_card/WD	FAIL:not in .bpo
M9_Push_Mouse_Buttons	Move_Mouse_Airplane/zoom_Position_card/WD	FAIL:not in .bpo
M9_Push_Mouse_Buttons	Move_Mouse_Nothing/current_mouse_selection/INV	FAIL:not in .bpo
M9_Push_Mouse_Buttons	Move_Mouse_Nothing/block_slot_position_card/WD	FAIL:not in .bpo
M9_Push_Mouse_Buttons	Move_Mouse_Nothing/airplane_Position_card/WD	FAIL:not in .bpo
M9_Push_Mouse_Buttons	Move_Mouse_Nothing/zoom_Position_card/WD	FAIL:not in .bpo
M9_Push_Mouse_Buttons	AMAN_Update_mouse_to_nothing/current_mouse_selection/INV	FAIL:not in .bpo
M9_Push_Mouse_Buttons	AMAN_Update_mouse_to_nothing/airplane_Position_card/WD	FAIL:not in .bpo
M9_Push_Mouse_Buttons	AMAN_Update_mouse_to_airplane/current_mouse_selection/INV	FAIL:not in .bpo
M9_Push_Mouse_Buttons	AMAN_Update_mouse_to_airplane/airplane_Position_card/WD	FAIL:not in .bpo
M9_Push_Mouse_Buttons	Move_Aircraft/is_mouse_pressed/INV	FAIL:not in .bpo
M9_Push_Mouse_Buttons	Move_Aircraft/grd1,3/WD	FAIL:not in .bpo
M9_Push_Mouse_Buttons	Move_Aircraft/grd1,4/WD	FAIL:not in .bpo
M9_Push_Mouse_Buttons	Move_Aircraft/act1,1/WD	FAIL:not in .bpo
M9_Push_Mouse_Buttons	Click_Hold_Button/is_mouse_pressed/INV	FAIL:not in .bpo
M9_Push_Mouse_Buttons	Release_Trigger_Hold_Button/is_mouse_pressed/INV	FAIL:not in .bpo
M9_Push_Mouse_Buttons	Release_Abort_Hold_Button/is_mouse_pressed/INV	FAIL:not in .bpo
M9_Push_Mouse_Buttons	Click_Block_Time/is_mouse_pressed/INV	FAIL:not in .bpo
M9_Push_Mouse_Buttons	Click_Block_Time/is_clicked_block_card/WD	FAIL:not in .bpo
M9_Push_Mouse_Buttons	Release_Trigger_Block_Time/is_mouse_pressed/INV	FAIL:not in .bpo
M9_Push_Mouse_Buttons	Release_Trigger_Block_Time/is_clicked_block_card/WD	FAIL:not in .bpo
M9_Push_Mouse_Buttons	Release_Abort_Time_Button/is_mouse_pressed/INV	FAIL:not in .bpo
M9_Push_Mouse_Buttons	Release_Abort_Time_Button/is_clicked_block_card/WD	FAIL:not in .bpo
M9_Push_Mouse_Buttons	Release_Trigger_Deblock_Time/is_mouse_pressed/INV	FAIL:not in .bpo
M9_Push_Mouse_Buttons	Release_Trigger_Deblock_Time/is_clicked_block_card/WD	FAIL:not in .bpo
M9_Push_Mouse_Buttons	changeZoom/is_mouse_pressed/INV	FAIL:not in .bpo
M9_Push_Mouse_Buttons	selectAirplane/is_mouse_pressed/INV	FAIL:not in .bpo
M9_Push_Mouse_Buttons	selectAirplane/grd6,3/WD	FAIL:not in .bpo
M9_Push_Mouse_Buttons	selectAirplane/dragged_airplane/WD	FAIL:not in .bpo
M9_Push_Mouse_Buttons	deselectAirplane/grd6,3/WD	FAIL:not in .bpo
M9_Push_Mouse_Buttons	resume_dragging_airplane/is_mouse_pressed/INV	FAIL:not in .bpo
M9_Push_Mouse_Buttons	resume_dragging_airplane/dragged_airplane/WD	FAIL:not in .bpo
M9_Push_Mouse_Buttons	stop_dragging_airplane/is_mouse_pressed/INV	FAIL:not in .bpo
M9_Push_Mouse_Buttons	stop_dragging_airplane/dest_not_allowed/WD	FAIL:not in .bpo
M9_Push_Mouse_Buttons	drag_airplane/different_time/WD	FAIL:not in .bpo
M9_Push_Mouse_Buttons	start_dragging_zoom_slider/is_mouse_pressed/INV	FAIL:not in .bpo
MAbs	abstract_selectedAirplane_card/WD	PASS
MAbs	dragged_airplane_card/WD	PASS
MAbs	dragged_zoom_level_card/WD	PASS
MAbs	is_clicked_block_card/WD	PASS
MAbs	block_slot_position_card/WD	PASS
MAbs	airplane_Position_card/WD	PASS
MAbs	zoom_Position_card/WD	PASS
MAbs	INITIALISATION/abstracT_blocks_fin_2/INV	PASS
MAbs	INITIALISATION/inv4,1/INV	PASS
MAbs	INITIALISATION/inv6,1/INV	PASS
MAbs	INITIALISATION/inv7,1/INV	PASS
MAbs	INITIALISATION/abstract_selectedAirplane_finite/INV	PASS
MAbs	INITIALISATION/abstract_selectedAirplane_card/INV	PASS
MAbs	INITIALISATION/dragged_airplane_type/INV	PASS
MAbs	INITIALISATION/dragged_airplane_finite/INV	PASS
MAbs	INITIALISATION/dragged_airplane_card/INV	PASS
MAbs	INITIALISATION/dragged_zoom_level_type/INV	PASS
MAbs	INITIALISATION/dragged_zoom_level_finite/INV	PASS
MAbs	INITIALISATION/dragged_zoom_level_card/INV	PASS
MAbs	INITIALISATION/cannot_move_airplane_while_zooming/INV	PASS
MAbs	INITIALISATION/is_clicked_block_fin/INV	PASS
MAbs	INITIALISATION/is_clicked_block_card/INV	PASS
MAbs	INITIALISATION/block_slot_position_fin/INV	PASS
MAbs	INITIALISATION/block_slot_position_card/INV	PASS
MAbs	INITIALISATION/airplane_Position/INV	PASS
MAbs	INITIALISATION/airplane_Position_fin/INV	PASS
MAbs	INITIALISATION/airplane_Position_card/INV	PASS
MAbs	INITIALISATION/zoom_Position/INV	PASS
MAbs	INITIALISATION/zoom_Position_fin/INV	PASS
MAbs	INITIALISATION/zoom_Position_card/INV	PASS
MAbs	INITIALISATION/mouse_pos_not_empty/INV	PASS
MAbs	INITIALISATION/zoom_pos_not_empty/INV	PASS
MAbs	INITIALISATION/block_pos_not_empty/INV	PASS
MAbs	INITIALISATION/mouse_over_airplane_when_dragged/INV	PASS
MAbs	INITIALISATION/click_start_airplane/INV	PASS
MAbs	INITIALISATION/click_start_block/INV	PASS
MAbs	INITIALISATION/click_start_zoom/INV	PASS
MAbs	Move_Mouse_Hold/block_slot_position_fin/INV	PASS
MAbs	Move_Mouse_Hold/block_slot_position_card/INV	PASS
MAbs	Move_Mouse_Hold/airplane_Position/INV	PASS
MAbs	Move_Mouse_Hold/airplane_Position_fin/INV	PASS
MAbs	Move_Mouse_Hold/airplane_Position_card/INV	PASS
MAbs	Move_Mouse_Hold/zoom_Position/INV	PASS
MAbs	Move_Mouse_Hold/zoom_Position_fin/INV	PASS
MAbs	Move_Mouse_Hold/zoom_Position_card/INV	PASS
MAbs	Move_Mouse_Hold/mouse_pos_not_empty/INV	PASS
MAbs	Move_Mouse_Hold/zoom_pos_not_empty/INV	PASS
MAbs	Move_Mouse_Hold/block_pos_not_empty/INV	PASS
MAbs	Move_Mouse_Hold/mouse_over_airplane_when_dragged/INV	PASS
MAbs	Move_Mouse_Zoom_Zooming_1/dragged_zoom_level_type/INV	PASS
MAbs	Move_Mouse_Zoom_Zooming_1/dragged_zoom_level_finite/INV	PASS
MAbs	Move_Mouse_Zoom_Zooming_1/dragged_zoom_level_card/INV	PASS
MAbs	Move_Mouse_Zoom_Zooming_1/cannot_move_airplane_while_zooming/INV	PASS
MAbs	Move_Mouse_Zoom_Zooming_1/block_slot_position_fin/INV	PASS
MAbs	Move_Mouse_Zoom_Zooming_1/block_slot_position_card/INV	PASS
MAbs	Move_Mouse_Zoom_Zooming_1/airplane_Position/INV	PASS
MAbs	Move_Mouse_Zoom_Zooming_1/airplane_Position_fin/INV	PASS
MAbs	Move_Mouse_Zoom_Zooming_1/airplane_Position_card/INV	PASS
MAbs	Move_Mouse_Zoom_Zooming_1/zoom_Position/INV	PASS
MAbs	Move_Mouse_Zoom_Zooming_1/zoom_Position_fin/INV	PASS
MAbs	Move_Mouse_Zoom_Zooming_1/zoom_Position_card/INV	PASS
MAbs	Move_Mouse_Zoom_Zooming_1/mouse_pos_not_empty/INV	PASS
MAbs	Move_Mouse_Zoom_Zooming_1/zoom_pos_not_empty/INV	PASS
MAbs	Move_Mouse_Zoom_Zooming_1/block_pos_not_empty/INV	PASS
MAbs	Move_Mouse_Zoom_Zooming_1/mouse_over_airplane_when_dragged/INV	PASS
MAbs	Move_Mouse_Zoom_Zooming_1/click_start_zoom/INV	PASS
MAbs	Move_Mouse_Zoom_Not_Zooming/block_slot_position_fin/INV	PASS
MAbs	Move_Mouse_Zoom_Not_Zooming/block_slot_position_card/INV	PASS
MAbs	Move_Mouse_Zoom_Not_Zooming/airplane_Position/INV	PASS
MAbs	Move_Mouse_Zoom_Not_Zooming/airplane_Position_fin/INV	PASS
MAbs	Move_Mouse_Zoom_Not_Zooming/airplane_Position_card/INV	PASS
MAbs	Move_Mouse_Zoom_Not_Zooming/zoom_Position/INV	PASS
MAbs	Move_Mouse_Zoom_Not_Zooming/zoom_Position_fin/INV	PASS
MAbs	Move_Mouse_Zoom_Not_Zooming/zoom_Position_card/INV	PASS
MAbs	Move_Mouse_Zoom_Not_Zooming/mouse_pos_not_empty/INV	PASS
MAbs	Move_Mouse_Zoom_Not_Zooming/zoom_pos_not_empty/INV	PASS
MAbs	Move_Mouse_Zoom_Not_Zooming/block_pos_not_empty/INV	PASS
MAbs	Move_Mouse_Zoom_Not_Zooming/mouse_over_airplane_when_dragged/INV	PASS
MAbs	Move_Mouse_Block/block_slot_position_fin/INV	PASS
MAbs	Move_Mouse_Block/block_slot_position_card/INV	PASS
MAbs	Move_Mouse_Block/airplane_Position/INV	PASS
MAbs	Move_Mouse_Block/airplane_Position_fin/INV	PASS
MAbs	Move_Mouse_Block/airplane_Position_card/INV	PASS
MAbs	Move_Mouse_Block/zoom_Position/INV	PASS
MAbs	Move_Mouse_Block/zoom_Position_fin/INV	PASS
MAbs	Move_Mouse_Block/zoom_Position_card/INV	PASS
MAbs	Move_Mouse_Block/mouse_pos_not_empty/INV	PASS
MAbs	Move_Mouse_Block/zoom_pos_not_empty/INV	PASS
MAbs	Move_Mouse_Block/block_pos_not_empty/INV	PASS
MAbs	Move_Mouse_Block/mouse_over_airplane_when_dragged/INV	PASS
MAbs	Move_Mouse_Airplane/block_slot_position_fin/INV	PASS
MAbs	Move_Mouse_Airplane/block_slot_position_card/INV	PASS
MAbs	Move_Mouse_Airplane/airplane_Position/INV	PASS
MAbs	Move_Mouse_Airplane/airplane_Position_fin/INV	PASS
MAbs	Move_Mouse_Airplane/airplane_Position_card/INV	PASS
MAbs	Move_Mouse_Airplane/zoom_Position/INV	PASS
MAbs	Move_Mouse_Airplane/zoom_Position_fin/INV	PASS
MAbs	Move_Mouse_Airplane/zoom_Position_card/INV	PASS
MAbs	Move_Mouse_Airplane/mouse_pos_not_empty/INV	PASS
MAbs	Move_Mouse_Airplane/zoom_pos_not_empty/INV	PASS
MAbs	Move_Mouse_Airplane/block_pos_not_empty/INV	PASS
MAbs	Move_Mouse_Airplane/mouse_over_airplane_when_dragged/INV	PASS
MAbs	Move_Mouse_Nothing/block_slot_position_fin/INV	PASS
MAbs	Move_Mouse_Nothing/block_slot_position_card/INV	PASS
MAbs	Move_Mouse_Nothing/airplane_Position/INV	PASS
MAbs	Move_Mouse_Nothing/airplane_Position_fin/INV	PASS
MAbs	Move_Mouse_Nothing/airplane_Position_card/INV	PASS
MAbs	Move_Mouse_Nothing/zoom_Position/INV	PASS
MAbs	Move_Mouse_Nothing/zoom_Position_fin/INV	PASS
MAbs	Move_Mouse_Nothing/zoom_Position_card/INV	PASS
MAbs	Move_Mouse_Nothing/mouse_pos_not_empty/INV	PASS
MAbs	Move_Mouse_Nothing/zoom_pos_not_empty/INV	PASS
MAbs	Move_Mouse_Nothing/block_pos_not_empty/INV	PASS
MAbs	Move_Mouse_Nothing/mouse_over_airplane_when_dragged/INV	PASS
MAbs	AMAN_Update_mouse_to_nothing/abstracT_blocks_fin_2/INV	PASS
MAbs	AMAN_Update_mouse_to_nothing/inv4,1/INV	PASS
MAbs	AMAN_Update_mouse_to_nothing/inv7,1/INV	PASS
MAbs	AMAN_Update_mouse_to_nothing/abstract_selectedAirplane_finite/INV	PASS
MAbs	AMAN_Update_mouse_to_nothing/abstract_selectedAirplane_card/INV	PASS
MAbs	AMAN_Update_mouse_to_nothing/dragged_airplane_type/INV	PASS
MAbs	AMAN_Update_mouse_to_nothing/airplane_Position/INV	PASS
MAbs	AMAN_Update_mouse_to_nothing/airplane_Position_fin/INV	PASS
MAbs	AMAN_Update_mouse_to_nothing/airplane_Position_card/INV	PASS
MAbs	AMAN_Update_mouse_to_nothing/mouse_pos_not_empty/INV	PASS
MAbs	AMAN_Update_mouse_to_nothing/zoom_pos_not_empty/INV	PASS
MAbs	AMAN_Update_mouse_to_nothing/block_pos_not_empty/INV	PASS
MAbs	AMAN_Update_mouse_to_nothing/mouse_over_airplane_when_dragged/INV	PASS
MAbs	AMAN_Update_mouse_to_airplane/abstracT_blocks_fin_2/INV	PASS
MAbs	AMAN_Update_mouse_to_airplane/inv4,1/INV	PASS
MAbs	AMAN_Update_mouse_to_airplane/inv7,1/INV	PASS
MAbs	AMAN_Update_mouse_to_airplane/abstract_selectedAirplane_finite/INV	PASS
MAbs	AMAN_Update_mouse_to_airplane/abstract_selectedAirplane_card/INV	PASS
MAbs	AMAN_Update_mouse_to_airplane/dragged_airplane_type/INV	PASS
MAbs	AMAN_Update_mouse_to_airplane/airplane_Position/INV	PASS
MAbs	AMAN_Update_mouse_to_airplane/airplane_Position_fin/INV	PASS
MAbs	AMAN_Update_mouse_to_airplane/airplane_Position_card/INV	PASS
MAbs	AMAN_Update_mouse_to_airplane/mouse_pos_not_empty/INV	PASS
MAbs	AMAN_Update_mouse_to_airplane/zoom_pos_not_empty/INV	PASS
MAbs	AMAN_Update_mouse_to_airplane/block_pos_not_empty/INV	PASS
MAbs	AMAN_Update_mouse_to_airplane/mouse_over_airplane_when_dragged/INV	PASS
MAbs	AMAN_Update_mouse_stays/abstracT_blocks_fin_2/INV	PASS
MAbs	AMAN_Update_mouse_stays/inv4,1/INV	PASS
MAbs	AMAN_Update_mouse_stays/inv7,1/INV	PASS
MAbs	AMAN_Update_mouse_stays/abstract_selectedAirplane_finite/INV	PASS
MAbs	AMAN_Update_mouse_stays/abstract_selectedAirplane_card/INV	PASS
MAbs	AMAN_Update_mouse_stays/dragged_airplane_type/INV	PASS
MAbs	AMAN_Update_mouse_stays/airplane_Position/INV	PASS
MAbs	AMAN_Timeout/inv7,1/INV	PASS
MAbs	AMAN_Timeout/abstract_selectedAirplane_finite/INV	PASS
MAbs	AMAN_Timeout/abstract_selectedAirplane_card/INV	PASS
MAbs	AMAN_Timeout/dragged_airplane_type/INV	PASS
MAbs	Move_Aircraft/theorem/THM	PASS
MAbs	Move_Aircraft/dragged_airplane_type/INV	PASS
MAbs	Move_Aircraft/dragged_airplane_finite/INV	PASS
MAbs	Move_Aircraft/dragged_airplane_card/INV	PASS
MAbs	Move_Aircraft/cannot_move_airplane_while_zooming/INV	PASS
MAbs	Move_Aircraft/mouse_over_airplane_when_dragged/INV	PASS
MAbs	Move_Aircraft/click_start_airplane/INV	PASS
MAbs	Move_Aircraft/click_start_block/INV	PASS
MAbs	Move_Aircraft/click_start_zoom/INV	PASS
MAbs	Click_Hold_Button/click_start_airplane/INV	PASS
MAbs	Click_Hold_Button/click_start_block/INV	PASS
MAbs	Click_Hold_Button/click_start_zoom/INV	PASS
MAbs	Release_Trigger_Hold_Button/inv4,1/INV	PASS
MAbs	Release_Trigger_Hold_Button/inv7,1/INV	PASS
MAbs	Release_Trigger_Hold_Button/abstract_selectedAirplane_finite/INV	PASS
MAbs	Release_Trigger_Hold_Button/abstract_selectedAirplane_card/INV	PASS
MAbs	Release_Trigger_Hold_Button/dragged_airplane_type/INV	PASS
MAbs	Release_Trigger_Hold_Button/click_start_airplane/INV	PASS
MAbs	Release_Trigger_Hold_Button/click_start_block/INV	PASS
MAbs	Release_Trigger_Hold_Button/click_start_zoom/INV	PASS
MAbs	Release_Abort_Hold_Button/click_start_airplane/INV	PASS
MAbs	Release_Abort_Hold_Button/click_start_block/INV	PASS
MAbs	Release_Abort_Hold_Button/click_start_zoom/INV	PASS
MAbs	Click_Block_Time/is_clicked_block_fin/INV	PASS
MAbs	Click_Block_Time/is_clicked_block_card/INV	PASS
MAbs	Click_Block_Time/click_start_airplane/INV	PASS
MAbs	Click_Block_Time/click_start_block/INV	PASS
MAbs	Click_Block_Time/click_start_zoom/INV	PASS
MAbs	Release_Trigger_Block_Time/theorem/THM	PASS
MAbs	Release_Trigger_Block_Time/abstracT_blocks_fin_2/INV	PASS
MAbs	Release_Trigger_Block_Time/is_clicked_block_fin/INV	PASS
MAbs	Release_Trigger_Block_Time/is_clicked_block_card/INV	PASS
MAbs	Release_Trigger_Block_Time/click_start_airplane/INV	PASS
MAbs	Release_Trigger_Block_Time/click_start_block/INV	PASS
MAbs	Release_Trigger_Block_Time/click_start_zoom/INV	PASS
MAbs	Release_Abort_Time_Button/is_clicked_block_fin/INV	PASS
MAbs	Release_Abort_Time_Button/is_clicked_block_card/INV	PASS
MAbs	Release_Abort_Time_Button/click_start_airplane/INV	PASS
MAbs	Release_Abort_Time_Button/click_start_block/INV	PASS
MAbs	Release_Abort_Time_Button/click_start_zoom/INV	PASS
MAbs	Release_Trigger_Deblock_Time/abstracT_blocks_fin_2/INV	PASS
MAbs	Release_Trigger_Deblock_Time/is_clicked_block_fin/INV	PASS
MAbs	Release_Trigger_Deblock_Time/is_clicked_block_card/INV	PASS
MAbs	Release_Trigger_Deblock_Time/click_start_airplane/INV	PASS
MAbs	Release_Trigger_Deblock_Time/click_start_block/INV	PASS
MAbs	Release_Trigger_Deblock_Time/click_start_zoom/INV	PASS
MAbs	changeZoom/inv6,1/INV	PASS
MAbs	changeZoom/inv7,1/INV	PASS
MAbs	changeZoom/abstract_selectedAirplane_finite/INV	PASS
MAbs	changeZoom/abstract_selectedAirplane_card/INV	PASS
MAbs	changeZoom/dragged_airplane_type/INV	PASS
MAbs	changeZoom/dragged_zoom_level_type/INV	PASS
MAbs	changeZoom/dragged_zoom_level_finite/INV	PASS
MAbs	changeZoom/dragged_zoom_level_card/INV	PASS
MAbs	changeZoom/cannot_move_airplane_while_zooming/INV	PASS
MAbs	changeZoom/click_start_airplane/INV	PASS
MAbs	changeZoom/click_start_block/INV	PASS
MAbs	changeZoom/click_start_zoom/INV	PASS
MAbs	selectAirplane/inv7,1/INV	PASS
MAbs	selectAirplane/abstract_selectedAirplane_finite/INV	PASS
MAbs	selectAirplane/abstract_selectedAirplane_card/INV	PASS
MAbs	selectAirplane/dragged_airplane_type/INV	PASS
MAbs	selectAirplane/dragged_airplane_finite/INV	PASS
MAbs	selectAirplane/dragged_airplane_card/INV	PASS
MAbs	selectAirplane/cannot_move_airplane_while_zooming/INV	PASS
MAbs	selectAirplane/mouse_over_airplane_when_dragged/INV	PASS
MAbs	selectAirplane/click_start_airplane/INV	PASS
MAbs	selectAirplane/click_start_block/INV	PASS
MAbs	selectAirplane/click_start_zoom/INV	PASS
MAbs	deselectAirplane/inv7,1/INV	PASS
MAbs	deselectAirplane/abstract_selectedAirplane_finite/INV	PASS
MAbs	deselectAirplane/abstract_selectedAirplane_card/INV	PASS
MAbs	deselectAirplane/dragged_airplane_type/INV	PASS
MAbs	resume_dragging_airplane/dragged_airplane_type/INV	PASS
MAbs	resume_dragging_airplane/dragged_airplane_finite/INV	PASS
MAbs	resume_dragging_airplane/dragged_airplane_card/INV	PASS
MAbs	resume_dragging_airplane/cannot_move_airplane_while_zooming/INV	PASS
MAbs	resume_dragging_airplane/mouse_over_airplane_when_dragged/INV	PASS
MAbs	resume_dragging_airplane/click_start_airplane/INV	PASS
MAbs	resume_dragging_airplane/click_start_block/INV	PASS
MAbs	resume_dragging_airplane/click_start_zoom/INV	PASS
MAbs	stop_dragging_airplane/theorem/THM	PASS
MAbs	stop_dragging_airplane/dragged_airplane_type/INV	PASS
MAbs	stop_dragging_airplane/dragged_airplane_finite/INV	PASS
MAbs	stop_dragging_airplane/dragged_airplane_card/INV	PASS
MAbs	stop_dragging_airplane/cannot_move_airplane_while_zooming/INV	PASS
MAbs	stop_dragging_airplane/mouse_over_airplane_when_dragged/INV	PASS
MAbs	stop_dragging_airplane/click_start_airplane/INV	PASS
MAbs	stop_dragging_airplane/click_start_block/INV	PASS
MAbs	stop_dragging_airplane/click_start_zoom/INV	PASS
MAbs	drag_airplane/dragged_airplane_type/INV	PASS
MAbs	drag_airplane/dragged_airplane_finite/INV	PASS
MAbs	drag_airplane/dragged_airplane_card/INV	PASS
MAbs	drag_airplane/cannot_move_airplane_while_zooming/INV	PASS
MAbs	drag_airplane/mouse_over_airplane_when_dragged/INV	PASS
MAbs	drag_airplane/click_start_airplane/INV	PASS
MAbs	start_dragging_zoom_slider/dragged_zoom_level_type/INV	PASS
MAbs	start_dragging_zoom_slider/dragged_zoom_level_finite/INV	PASS
MAbs	start_dragging_zoom_slider/dragged_zoom_level_card/INV	PASS
MAbs	start_dragging_zoom_slider/cannot_move_airplane_while_zooming/INV	PASS
MAbs	start_dragging_zoom_slider/click_start_airplane/INV	PASS
MAbs	start_dragging_zoom_slider/click_start_block/INV	PASS
MAbs	start_dragging_zoom_slider/click_start_zoom/INV	PASS
MAbs	INITIALISATION/is_mouse_pressed/INV	FAIL:not in .bpo
MAbs	INITIALISATION/inv3,1/INV	FAIL:not in .bpo
MAbs	INITIALISATION/inv0,1/INV	FAIL:not in .bpo
MAbs	INITIALISATION/inv5,1/INV	FAIL:not in .bpo
MAbs	INITIALISATION/abstract_selectedAirplane_card/WD	FAIL:not in .bpo
MAbs	INITIALISATION/dragged_airplane_card/WD	FAIL:not in .bpo
MAbs	INITIALISATION/dragged_zoom_level_card/WD	FAIL:not in .bpo
MAbs	INITIALISATION/current_mouse_selection/INV	FAIL:not in .bpo
MAbs	INITIALISATION/ABS_blocked/INV	FAIL:not in .bpo
MAbs	INITIALISATION/is_clicked_block_card/WD	FAIL:not in .bpo
MAbs	INITIALISATION/block_slot_position/INV	FAIL:not in .bpo
MAbs	INITIALISATION/block_slot_position_card/WD	FAIL:not in .bpo
MAbs	INITIALISATION/airplane_Position_card/WD	FAIL:not in .bpo
MAbs	INITIALISATION/zoom_Position_card/WD	FAIL:not in .bpo
MAbs	Move_Mouse_Hold/current_mouse_selection/INV	FAIL:not in .bpo
MAbs	Move_Mouse_Hold/block_slot_position/INV	FAIL:not in .bpo
MAbs	Move_Mouse_Hold/block_slot_position_card/WD	FAIL:not in .bpo
MAbs	Move_Mouse_Hold/airplane_Position_card/WD	FAIL:not in .bpo
MAbs	Move_Mouse_Hold/zoom_Position_card/WD	FAIL:not in .bpo
MAbs	Move_Mouse_Zoom_Zooming_1/dragged_zoom_level_card/WD	FAIL:not in .bpo
MAbs	Move_Mouse_Zoom_Zooming_1/current_mouse_selection/INV	FAIL:not in .bpo
MAbs	Move_Mouse_Zoom_Zooming_1/block_slot_position/INV	FAIL:not in .bpo
MAbs	Move_Mouse_Zoom_Zooming_1/block_slot_position_card/WD	FAIL:not in .bpo
MAbs	Move_Mouse_Zoom_Zooming_1/airplane_Position_card/WD	FAIL:not in .bpo
MAbs	Move_Mouse_Zoom_Zooming_1/zoom_Position_card/WD	FAIL:not in .bpo
MAbs	Move_Mouse_Zoom_Not_Zooming/current_mouse_selection/INV	FAIL:not in .bpo
MAbs	Move_Mouse_Zoom_Not_Zooming/block_slot_position/INV	FAIL:not in .bpo
MAbs	Move_Mouse_Zoom_Not_Zooming/block_slot_position_card/WD	FAIL:not in .bpo
MAbs	Move_Mouse_Zoom_Not_Zooming/airplane_Position_card/WD	FAIL:not in .bpo
MAbs	Move_Mouse_Zoom_Not_Zooming/zoom_Position_card/WD	FAIL:not in .bpo
MAbs	Move_Mouse_Block/current_mouse_selection/INV	FAIL:not in .bpo
MAbs	Move_Mouse_Block/block_slot_position/INV	FAIL:not in .bpo
MAbs	Move_Mouse_Block/block_slot_position_card/WD	FAIL:not in .bpo
MAbs	Move_Mouse_Block/airplane_Position_card/WD	FAIL:not in .bpo
MAbs	Move_Mouse_Block/zoom_Position_card/WD	FAIL:not in .bpo
MAbs	Move_Mouse_Airplane/current_mouse_selection/INV	FAIL:not in .bpo
MAbs	Move_Mouse_Airplane/block_slot_position/INV	FAIL:not in .bpo
MAbs	Move_Mouse_Airplane/block_slot_position_card/WD	FAIL:not in .bpo
MAbs	Move_Mouse_Airplane/airplane_Position_card/WD	FAIL:not in .bpo
MAbs	Move_Mouse_Airplane/zoom_Position_card/WD	FAIL:not in .bpo
MAbs	Move_Mouse_Nothing/current_mouse_selection/INV	FAIL:not in .bpo
MAbs	Move_Mouse_Nothing/block_slot_position/INV	FAIL:not in .bpo
MAbs	Move_Mouse_Nothing/block_slot_position_card/WD	FAIL:not in .bpo
MAbs	Move_Mouse_Nothing/airplane_Position_card/WD	FAIL:not in .bpo
MAbs	Move_Mouse_Nothing/zoom_Position_card/WD	FAIL:not in .bpo
MAbs	AMAN_Update_mouse_to_nothing/inv3,1/INV	FAIL:not in .bpo
MAbs	AMAN_Update_mouse_to_nothing/inv0,1/INV	FAIL:not in .bpo
MAbs	AMAN_Update_mouse_to_nothing/inv5,1/INV	FAIL:not in .bpo
MAbs	AMAN_Update_mouse_to_nothing/abstract_selectedAirplane_card/WD	FAIL:not in .bpo
MAbs	AMAN_Update_mouse_to_nothing/current_mouse_selection/INV	FAIL:not in .bpo
MAbs	AMAN_Update_mouse_to_nothing/airplane_Position_card/WD	FAIL:not in .bpo
MAbs	AMAN_Update_mouse_to_airplane/inv3,1/INV	FAIL:not in .bpo
MAbs	AMAN_Update_mouse_to_airplane/inv0,1/INV	FAIL:not in .bpo
MAbs	AMAN_Update_mouse_to_airplane/inv5,1/INV	FAIL:not in .bpo
MAbs	AMAN_Update_mouse_to_airplane/abstract_selectedAirplane_card/WD	FAIL:not in .bpo
MAbs	AMAN_Update_mouse_to_airplane/current_mouse_selection/INV	FAIL:not in .bpo
MAbs	AMAN_Update_mouse_to_airplane/airplane_Position_card/WD	FAIL:not in .bpo
MAbs	AMAN_Update_mouse_stays/inv3,1/INV	FAIL:not in .bpo
MAbs	AMAN_Update_mouse_stays/inv0,1/INV	FAIL:not in .bpo
MAbs	AMAN_Update_mouse_stays/inv5,1/INV	FAIL:not in .bpo
MAbs	AMAN_Update_mouse_stays/abstract_selectedAirplane_card/WD	FAIL:not in .bpo
MAbs	AMAN_Timeout/inv5,1/INV	FAIL:not in .bpo
MAbs	AMAN_Timeout/abstract_selectedAirplane_card/WD	FAIL:not in .bpo
MAbs	Move_Aircraft/is_mouse_pressed/INV	FAIL:not in .bpo
MAbs	Move_Aircraft/dragged_airplane_card/WD	FAIL:not in .bpo
MAbs	Click_Hold_Button/is_mouse_pressed/INV	FAIL:not in .bpo
MAbs	Release_Trigger_Hold_Button/is_mouse_pressed/INV	FAIL:not in .bpo
MAbs	Release_Trigger_Hold_Button/abstract_selectedAirplane_card/WD	FAIL:not in .bpo
MAbs	Release_Abort_Hold_Button/is_mouse_pressed/INV	FAIL:not in .bpo
MAbs	Click_Block_Time/is_mouse_pressed/INV	FAIL:not in .bpo
MAbs	Click_Block_Time/ABS_blocked/INV	FAIL:not in .bpo
MAbs	Click_Block_Time/is_clicked_block_card/WD	FAIL:not in .bpo
MAbs	Release_Trigger_Block_Time/is_mouse_pressed/INV	FAIL:not in .bpo
MAbs	Release_Trigger_Block_Time/inv3,1/INV	FAIL:not in .bpo
MAbs	Release_Trigger_Block_Time/ABS_blocked/INV	FAIL:not in .bpo
MAbs	Release_Trigger_Block_Time/is_clicked_block_card/WD	FAIL:not in .bpo
MAbs	Release_Abort_Time_Button/is_mouse_pressed/INV	FAIL:not in .bpo
MAbs	Release_Abort_Time_Button/ABS_blocked/INV	FAIL:not in .bpo
MAbs	Release_Abort_Time_Button/is_clicked_block_card/WD	FAIL:not in .bpo
MAbs	Release_Trigger_Deblock_Time/is_mouse_pressed/INV	FAIL:not in .bpo
MAbs	Release_Trigger_Deblock_Time/inv3,1/INV	FAIL:not in .bpo
MAbs	Release_Trigger_Deblock_Time/ABS_blocked/INV	FAIL:not in .bpo
MAbs	Release_Trigger_Deblock_Time/is_clicked_block_card/WD	FAIL:not in .bpo
MAbs	changeZoom/is_mouse_pressed/INV	FAIL:not in .bpo
MAbs	changeZoom/abstract_selectedAirplane_card/WD	FAIL:not in .bpo
MAbs	changeZoom/dragged_zoom_level_card/WD	FAIL:not in .bpo
MAbs	selectAirplane/is_mouse_pressed/INV	FAIL:not in .bpo
MAbs	selectAirplane/abstract_selectedAirplane_card/WD	FAIL:not in .bpo
MAbs	selectAirplane/dragged_airplane_card/WD	FAIL:not in .bpo
MAbs	deselectAirplane/abstract_selectedAirplane_card/WD	FAIL:not in .bpo
MAbs	resume_dragging_airplane/is_mouse_pressed/INV	FAIL:not in .bpo
MAbs	resume_dragging_airplane/dragged_airplane_card/WD	FAIL:not in .bpo
MAbs	stop_dragging_airplane/is_mouse_pressed/INV	FAIL:not in .bpo
MAbs	stop_dragging_airplane/dragged_airplane_card/WD	FAIL:not in .bpo
MAbs	drag_airplane/dragged_airplane_card/WD	FAIL:not in .bpo
MAbs	start_dragging_zoom_slider/is_mouse_pressed/INV	FAIL:not in .bpo
MAbs	start_dragging_zoom_slider/dragged_zoom_level_card/WD	FAIL:not in .bpo
MAbs_helper	landing_sequence_2/WD	PASS
MAbs_helper	zoom_Position_card/WD	PASS
MAbs_helper	airplane_Position_card/WD	PASS
MAbs_helper	block_slot_position_card/WD	PASS
MAbs_helper	is_clicked_block_card/WD	PASS
MAbs_helper	INITIALISATION/landing_sequence_1/INV	PASS
MAbs_helper	INITIALISATION/landing_sequence_2/INV	PASS
MAbs_helper	INITIALISATION/landing_sequence_3/INV	PASS
MAbs_helper	INITIALISATION/selected_airplane_glue/INV	PASS
MAbs_helper	INITIALISATION/selected_airplane_glue_2/INV	PASS
MAbs_helper	INITIALISATION/dragged_airplane/INV	PASS
MAbs_helper	INITIALISATION/dragged_airplane_type_glue/INV	PASS
MAbs_helper	INITIALISATION/is_clicked_block/INV	PASS
MAbs_helper	INITIALISATION/isClickedBlock_glue/INV	PASS
MAbs_helper	INITIALISATION/block_slot_position/INV	PASS
MAbs_helper	INITIALISATION/block_slot_position_glue/INV	PASS
MAbs_helper	INITIALISATION/mousePositionAirplane_glue/INV	PASS
MAbs_helper	INITIALISATION/mousePositionAirplane_glue_2/INV	PASS
MAbs_helper	INITIALISATION/mouse_over_airplane_when_dragged/INV	PASS
MAbs_helper	INITIALISATION/mouse_pos_not_empty/INV	PASS
MAbs_helper	INITIALISATION/zoom_pos_not_empty/INV	PASS
MAbs_helper	INITIALISATION/block_pos_not_empty/INV	PASS
MAbs_helper	INITIALISATION/zoom_Position_fin/INV	PASS
MAbs_helper	INITIALISATION/zoom_Position_card/INV	PASS
MAbs_helper	INITIALISATION/airplane_Position_fin/INV	PASS
MAbs_helper	INITIALISATION/airplane_Position_card/INV	PASS
MAbs_helper	INITIALISATION/block_slot_position_fin/INV	PASS
MAbs_helper	INITIALISATION/block_slot_position_card/INV	PASS
MAbs_helper	INITIALISATION/is_clicked_block_fin/INV	PASS
MAbs_helper	INITIALISATION/is_clicked_block_card/INV	PASS
MAbs_helper	INITIALISATION/blockedTime/INV	PASS
MAbs_helper	INITIALISATION/blockedTime_glue/INV	PASS
MAbs_helper	INITIALISATION/act2,1/SIM	PASS
MAbs_helper	INITIALISATION/act6,1/SIM	PASS
MAbs_helper	INITIALISATION/act9,6/SIM	PASS
MAbs_helper	INITIALISATION/mouse_pressed_init/SIM	PASS
MAbs_helper	Move_Mouse_Hold/block_slot_position/INV	PASS
MAbs_helper	Move_Mouse_Hold/block_slot_position_glue/INV	PASS
MAbs_helper	Move_Mouse_Hold/mousePositionAirplane_glue/INV	PASS
MAbs_helper	Move_Mouse_Hold/mousePositionAirplane_glue_2/INV	PASS
MAbs_helper	Move_Mouse_Hold/mouse_over_airplane_when_dragged/INV	PASS
MAbs_helper	Move_Mouse_Hold/mouse_pos_not_empty/INV	PASS
MAbs_helper	Move_Mouse_Hold/zoom_pos_not_empty/INV	PASS
MAbs_helper	Move_Mouse_Hold/block_pos_not_empty/INV	PASS
MAbs_helper	Move_Mouse_Hold/zoom_Position_fin/INV	PASS
MAbs_helper	Move_Mouse_Hold/zoom_Position_card/INV	PASS
MAbs_helper	Move_Mouse_Hold/airplane_Position_fin/INV	PASS
MAbs_helper	Move_Mouse_Hold/airplane_Position_card/INV	PASS
MAbs_helper	Move_Mouse_Hold/block_slot_position_fin/INV	PASS
MAbs_helper	Move_Mouse_Hold/block_slot_position_card/INV	PASS
MAbs_helper	Move_Mouse_Hold/grd9,1/GRD	PASS
MAbs_helper	Move_Mouse_Hold/act9,4/SIM	PASS
MAbs_helper	Move_Mouse_Zoom_Zooming/block_slot_position/INV	PASS
MAbs_helper	Move_Mouse_Zoom_Zooming/block_slot_position_glue/INV	PASS
MAbs_helper	Move_Mouse_Zoom_Zooming/mousePositionAirplane_glue/INV	PASS
MAbs_helper	Move_Mouse_Zoom_Zooming/mousePositionAirplane_glue_2/INV	PASS
MAbs_helper	Move_Mouse_Zoom_Zooming/mouse_over_airplane_when_dragged/INV	PASS
MAbs_helper	Move_Mouse_Zoom_Zooming/mouse_pos_not_empty/INV	PASS
MAbs_helper	Move_Mouse_Zoom_Zooming/zoom_pos_not_empty/INV	PASS
MAbs_helper	Move_Mouse_Zoom_Zooming/block_pos_not_empty/INV	PASS
MAbs_helper	Move_Mouse_Zoom_Zooming/zoom_Position_fin/INV	PASS
MAbs_helper	Move_Mouse_Zoom_Zooming/zoom_Position_card/INV	PASS
MAbs_helper	Move_Mouse_Zoom_Zooming/airplane_Position_fin/INV	PASS
MAbs_helper	Move_Mouse_Zoom_Zooming/airplane_Position_card/INV	PASS
MAbs_helper	Move_Mouse_Zoom_Zooming/block_slot_position_fin/INV	PASS
MAbs_helper	Move_Mouse_Zoom_Zooming/block_slot_position_card/INV	PASS
MAbs_helper	Move_Mouse_Zoom_Not_Zooming/block_slot_position/INV	PASS
MAbs_helper	Move_Mouse_Zoom_Not_Zooming/block_slot_position_glue/INV	PASS
MAbs_helper	Move_Mouse_Zoom_Not_Zooming/mousePositionAirplane_glue/INV	PASS
MAbs_helper	Move_Mouse_Zoom_Not_Zooming/mousePositionAirplane_glue_2/INV	PASS
MAbs_helper	Move_Mouse_Zoom_Not_Zooming/mouse_over_airplane_when_dragged/INV	PASS
MAbs_helper	Move_Mouse_Zoom_Not_Zooming/mouse_pos_not_empty/INV	PASS
MAbs_helper	Move_Mouse_Zoom_Not_Zooming/zoom_pos_not_empty/INV	PASS
MAbs_helper	Move_Mouse_Zoom_Not_Zooming/block_pos_not_empty/INV	PASS
MAbs_helper	Move_Mouse_Zoom_Not_Zooming/zoom_Position_fin/INV	PASS
MAbs_helper	Move_Mouse_Zoom_Not_Zooming/zoom_Position_card/INV	PASS
MAbs_helper	Move_Mouse_Zoom_Not_Zooming/airplane_Position_fin/INV	PASS
MAbs_helper	Move_Mouse_Zoom_Not_Zooming/airplane_Position_card/INV	PASS
MAbs_helper	Move_Mouse_Zoom_Not_Zooming/block_slot_position_fin/INV	PASS
MAbs_helper	Move_Mouse_Zoom_Not_Zooming/block_slot_position_card/INV	PASS
MAbs_helper	Move_Mouse_Zoom_Not_Zooming/grd9,2/GRD	PASS
MAbs_helper	Move_Mouse_Block/abstract_block/WWD	PASS
MAbs_helper	Move_Mouse_Block/abstract_block/WFIS	PASS
MAbs_helper	Move_Mouse_Block/block_slot_position/INV	PASS
MAbs_helper	Move_Mouse_Block/block_slot_position_glue/INV	PASS
MAbs_helper	Move_Mouse_Block/mousePositionAirplane_glue/INV	PASS
MAbs_helper	Move_Mouse_Block/mousePositionAirplane_glue_2/INV	PASS
MAbs_helper	Move_Mouse_Block/mouse_over_airplane_when_dragged/INV	PASS
MAbs_helper	Move_Mouse_Block/mouse_pos_not_empty/INV	PASS
MAbs_helper	Move_Mouse_Block/zoom_pos_not_empty/INV	PASS
MAbs_helper	Move_Mouse_Block/block_pos_not_empty/INV	PASS
MAbs_helper	Move_Mouse_Block/zoom_Position_fin/INV	PASS
MAbs_helper	Move_Mouse_Block/zoom_Position_card/INV	PASS
MAbs_helper	Move_Mouse_Block/airplane_Position_fin/INV	PASS
MAbs_helper	Move_Mouse_Block/airplane_Position_card/INV	PASS
MAbs_helper	Move_Mouse_Block/block_slot_position_fin/INV	PASS
MAbs_helper	Move_Mouse_Block/block_slot_position_card/INV	PASS
MAbs_helper	Move_Mouse_Block/grd9,2/GRD	PASS
MAbs_helper	Move_Mouse_Block/act9,4/SIM	PASS
MAbs_helper	Move_Mouse_Airplane/block_slot_position/INV	PASS
MAbs_helper	Move_Mouse_Airplane/block_slot_position_glue/INV	PASS
MAbs_helper	Move_Mouse_Airplane/mousePositionAirplane_glue/INV	PASS
MAbs_helper	Move_Mouse_Airplane/mousePositionAirplane_glue_2/INV	PASS
MAbs_helper	Move_Mouse_Airplane/mouse_over_airplane_when_dragged/INV	PASS
MAbs_helper	Move_Mouse_Airplane/mouse_pos_not_empty/INV	PASS
MAbs_helper	Move_Mouse_Airplane/zoom_pos_not_empty/INV	PASS
MAbs_helper	Move_Mouse_Airplane/block_pos_not_empty/INV	PASS
MAbs_helper	Move_Mouse_Airplane/zoom_Position_fin/INV	PASS
MAbs_helper	Move_Mouse_Airplane/zoom_Position_card/INV	PASS
MAbs_helper	Move_Mouse_Airplane/airplane_Position_fin/INV	PASS
MAbs_helper	Move_Mouse_Airplane/airplane_Position_card/INV	PASS
MAbs_helper	Move_Mouse_Airplane/block_slot_position_fin/INV	PASS
MAbs_helper	Move_Mouse_Airplane/block_slot_position_card/INV	PASS
MAbs_helper	Move_Mouse_Airplane/grd9,1/GRD	PASS
MAbs_helper	Move_Mouse_Airplane/grd9,2/GRD	PASS
MAbs_helper	Move_Mouse_Airplane/act9,4/SIM	PASS
MAbs_helper	Move_Mouse_Nothing/block_slot_position/INV	PASS
MAbs_helper	Move_Mouse_Nothing/block_slot_position_glue/INV	PASS
MAbs_helper	Move_Mouse_Nothing/mousePositionAirplane_glue/INV	PASS
MAbs_helper	Move_Mouse_Nothing/mousePositionAirplane_glue_2/INV	PASS
MAbs_helper	Move_Mouse_Nothing/mouse_over_airplane_when_dragged/INV	PASS
MAbs_helper	Move_Mouse_Nothing/mouse_pos_not_empty/INV	PASS
MAbs_helper	Move_Mouse_Nothing/zoom_pos_not_empty/INV	PASS
MAbs_helper	Move_Mouse_Nothing/block_pos_not_empty/INV	PASS
MAbs_helper	Move_Mouse_Nothing/zoom_Position_fin/INV	PASS
MAbs_helper	Move_Mouse_Nothing/zoom_Position_card/INV	PASS
MAbs_helper	Move_Mouse_Nothing/airplane_Position_fin/INV	PASS
MAbs_helper	Move_Mouse_Nothing/airplane_Position_card/INV	PASS
MAbs_helper	Move_Mouse_Nothing/block_slot_position_fin/INV	PASS
MAbs_helper	Move_Mouse_Nothing/block_slot_position_card/INV	PASS
MAbs_helper	Move_Mouse_Nothing/grd9,1/GRD	PASS
MAbs_helper	Move_Mouse_Nothing/act9,4/SIM	PASS
MAbs_helper	AMAN_Update_mouse_to_nothing/inv1,2/WD	PASS
MAbs_helper	AMAN_Update_mouse_to_nothing/new_abstract_blockedTime/WFIS	PASS
MAbs_helper	AMAN_Update_mouse_to_nothing/landing_sequence_1/INV	PASS
MAbs_helper	AMAN_Update_mouse_to_nothing/landing_sequence_2/INV	PASS
MAbs_helper	AMAN_Update_mouse_to_nothing/landing_sequence_3/INV	PASS
MAbs_helper	AMAN_Update_mouse_to_nothing/selected_airplane_glue/INV	PASS
MAbs_helper	AMAN_Update_mouse_to_nothing/selected_airplane_glue_2/INV	PASS
MAbs_helper	AMAN_Update_mouse_to_nothing/dragged_airplane/INV	PASS
MAbs_helper	AMAN_Update_mouse_to_nothing/mousePositionAirplane_glue/INV	PASS
MAbs_helper	AMAN_Update_mouse_to_nothing/mousePositionAirplane_glue_2/INV	PASS
MAbs_helper	AMAN_Update_mouse_to_nothing/mouse_over_airplane_when_dragged/INV	PASS
MAbs_helper	AMAN_Update_mouse_to_nothing/mouse_pos_not_empty/INV	PASS
MAbs_helper	AMAN_Update_mouse_to_nothing/zoom_pos_not_empty/INV	PASS
MAbs_helper	AMAN_Update_mouse_to_nothing/block_pos_not_empty/INV	PASS
MAbs_helper	AMAN_Update_mouse_to_nothing/airplane_Position_fin/INV	PASS
MAbs_helper	AMAN_Update_mouse_to_nothing/airplane_Position_card/INV	PASS
MAbs_helper	AMAN_Update_mouse_to_nothing/blockedTime/INV	PASS
MAbs_helper	AMAN_Update_mouse_to_nothing/blockedTime_glue/INV	PASS
MAbs_helper	AMAN_Update_mouse_to_nothing/no_abstract_dragged_airplane/GRD	PASS
MAbs_helper	AMAN_Update_mouse_to_nothing/act2,1/SIM	PASS
MAbs_helper	AMAN_Update_mouse_to_airplane/inv1,2/WD	PASS
MAbs_helper	AMAN_Update_mouse_to_airplane/new_abstract_blockedTime/WFIS	PASS
MAbs_helper	AMAN_Update_mouse_to_airplane/landing_sequence_1/INV	PASS
MAbs_helper	AMAN_Update_mouse_to_airplane/landing_sequence_2/INV	PASS
MAbs_helper	AMAN_Update_mouse_to_airplane/landing_sequence_3/INV	PASS
MAbs_helper	AMAN_Update_mouse_to_airplane/selected_airplane_glue/INV	PASS
MAbs_helper	AMAN_Update_mouse_to_airplane/selected_airplane_glue_2/INV	PASS
MAbs_helper	AMAN_Update_mouse_to_airplane/dragged_airplane/INV	PASS
MAbs_helper	AMAN_Update_mouse_to_airplane/mousePositionAirplane_glue/INV	PASS
MAbs_helper	AMAN_Update_mouse_to_airplane/mousePositionAirplane_glue_2/INV	PASS
MAbs_helper	AMAN_Update_mouse_to_airplane/mouse_over_airplane_when_dragged/INV	PASS
MAbs_helper	AMAN_Update_mouse_to_airplane/mouse_pos_not_empty/INV	PASS
MAbs_helper	AMAN_Update_mouse_to_airplane/zoom_pos_not_empty/INV	PASS
MAbs_helper	AMAN_Update_mouse_to_airplane/block_pos_not_empty/INV	PASS
MAbs_helper	AMAN_Update_mouse_to_airplane/airplane_Position_fin/INV	PASS
MAbs_helper	AMAN_Update_mouse_to_airplane/airplane_Position_card/INV	PASS
MAbs_helper	AMAN_Update_mouse_to_airplane/blockedTime/INV	PASS
MAbs_helper	AMAN_Update_mouse_to_airplane/blockedTime_glue/INV	PASS
MAbs_helper	AMAN_Update_mouse_to_airplane/no_abstract_dragged_airplane/GRD	PASS
MAbs_helper	AMAN_Update_mouse_to_airplane/grd9,1/GRD	PASS
MAbs_helper	AMAN_Update_mouse_to_airplane/act2,1/SIM	PASS
MAbs_helper	AMAN_Update_mouse_stays/inv1,2/WD	PASS
MAbs_helper	AMAN_Update_mouse_stays/new_abstract_blockedTime/WFIS	PASS
MAbs_helper	AMAN_Update_mouse_stays/landing_sequence_1/INV	PASS
MAbs_helper	AMAN_Update_mouse_stays/landing_sequence_2/INV	PASS
MAbs_helper	AMAN_Update_mouse_stays/landing_sequence_3/INV	PASS
MAbs_helper	AMAN_Update_mouse_stays/selected_airplane_glue/INV	PASS
MAbs_helper	AMAN_Update_mouse_stays/selected_airplane_glue_2/INV	PASS
MAbs_helper	AMAN_Update_mouse_stays/dragged_airplane/INV	PASS
MAbs_helper	AMAN_Update_mouse_stays/mousePositionAirplane_glue/INV	PASS
MAbs_helper	AMAN_Update_mouse_stays/mousePositionAirplane_glue_2/INV	PASS
MAbs_helper	AMAN_Update_mouse_stays/blockedTime/INV	PASS
MAbs_helper	AMAN_Update_mouse_stays/blockedTime_glue/INV	PASS
MAbs_helper	AMAN_Update_mouse_stays/no_abstract_dragged_airplane/GRD	PASS
MAbs_helper	AMAN_Update_mouse_stays/act2,1/SIM	PASS
MAbs_helper	AMAN_Timeout/selected_airplane_glue/INV	PASS
MAbs_helper	AMAN_Timeout/selected_airplane_glue_2/INV	PASS
MAbs_helper	AMAN_Timeout/dragged_airplane/INV	PASS
MAbs_helper	AMAN_Timeout/no_abstract_dragged_airplane/GRD	PASS
MAbs_helper	Move_Aircraft/grd1,3/WD	PASS
MAbs_helper	Move_Aircraft/grd1,4/WD	PASS
MAbs_helper	Move_Aircraft/grd6,1/WD	PASS
MAbs_helper	Move_Aircraft/theorem/THM	PASS
MAbs_helper	Move_Aircraft/landing_sequence_1/INV	PASS
MAbs_helper	Move_Aircraft/landing_sequence_2/INV	PASS
MAbs_helper	Move_Aircraft/landing_sequence_3/INV	PASS
MAbs_helper	Move_Aircraft/selected_airplane_glue/INV	PASS
MAbs_helper	Move_Aircraft/dragged_airplane/INV	PASS
MAbs_helper	Move_Aircraft/dragged_airplane_type_glue/INV	PASS
MAbs_helper	Move_Aircraft/mousePositionAirplane_glue/INV	PASS
MAbs_helper	Move_Aircraft/mousePositionAirplane_glue_2/INV	PASS
MAbs_helper	Move_Aircraft/mouse_over_airplane_when_dragged/INV	PASS
MAbs_helper	Move_Aircraft/dragging_abstract_airplane/GRD	PASS
MAbs_helper	Move_Aircraft/set_to_release/SIM	PASS
MAbs_helper	Release_Trigger_Hold_Button/selected_airplane_glue/INV	PASS
MAbs_helper	Release_Trigger_Hold_Button/selected_airplane_glue_2/INV	PASS
MAbs_helper	Release_Trigger_Hold_Button/dragged_airplane/INV	PASS
MAbs_helper	Release_Trigger_Hold_Button/grd2,1/GRD	PASS
MAbs_helper	Release_Trigger_Hold_Button/grd7,1/GRD	PASS
MAbs_helper	Release_Trigger_Hold_Button/no_abstract_dragged_airplane/GRD	PASS
MAbs_helper	Release_Trigger_Hold_Button/act9,1/SIM	PASS
MAbs_helper	Click_Block_Time/is_clicked_block/INV	PASS
MAbs_helper	Click_Block_Time/isClickedBlock_glue/INV	PASS
MAbs_helper	Click_Block_Time/is_clicked_block_fin/INV	PASS
MAbs_helper	Click_Block_Time/is_clicked_block_card/INV	PASS
MAbs_helper	Click_Block_Time/set_mouse_click/SIM	PASS
MAbs_helper	Release_Trigger_Block_Time/theorem/THM	PASS
MAbs_helper	Release_Trigger_Block_Time/is_clicked_block/INV	PASS
MAbs_helper	Release_Trigger_Block_Time/isClickedBlock_glue/INV	PASS
MAbs_helper	Release_Trigger_Block_Time/is_clicked_block_fin/INV	PASS
MAbs_helper	Release_Trigger_Block_Time/is_clicked_block_card/INV	PASS
MAbs_helper	Release_Trigger_Block_Time/blockedTime/INV	PASS
MAbs_helper	Release_Trigger_Block_Time/blockedTime_glue/INV	PASS
MAbs_helper	Release_Trigger_Block_Time/grd_abstract_eq/GRD	PASS
MAbs_helper	Release_Trigger_Block_Time/clicked_Block_not_empty/GRD	PASS
MAbs_helper	Release_Trigger_Block_Time/clicked_pos/SIM	PASS
MAbs_helper	Release_Abort_Time_Button/is_clicked_block/INV	PASS
MAbs_helper	Release_Abort_Time_Button/isClickedBlock_glue/INV	PASS
MAbs_helper	Release_Abort_Time_Button/is_clicked_block_fin/INV	PASS
MAbs_helper	Release_Abort_Time_Button/is_clicked_block_card/INV	PASS
MAbs_helper	Release_Abort_Time_Button/isClickedBlock_not_empty/GRD	PASS
MAbs_helper	Release_Abort_Time_Button/clicked_pos/SIM	PASS
MAbs_helper	Release_Trigger_Deblock_Time/new_abstract_blockedTime/WFIS	PASS
MAbs_helper	Release_Trigger_Deblock_Time/is_clicked_block/INV	PASS
MAbs_helper	Release_Trigger_Deblock_Time/isClickedBlock_glue/INV	PASS
MAbs_helper	Release_Trigger_Deblock_Time/is_clicked_block_fin/INV	PASS
MAbs_helper	Release_Trigger_Deblock_Time/is_clicked_block_card/INV	PASS
MAbs_helper	Release_Trigger_Deblock_Time/blockedTime/INV	PASS
MAbs_helper	Release_Trigger_Deblock_Time/blockedTime_glue/INV	PASS
MAbs_helper	Release_Trigger_Deblock_Time/abstract_isClicked_mouse_pos/GRD	PASS
MAbs_helper	Release_Trigger_Deblock_Time/abstract_blocked/GRD	PASS
MAbs_helper	Release_Trigger_Deblock_Time/abstract_isClicked_empty/GRD	PASS
MAbs_helper	Release_Trigger_Deblock_Time/new_abstract_blockedTime_inv/GRD	PASS
MAbs_helper	Release_Trigger_Deblock_Time/clicked_pos/SIM	PASS
MAbs_helper	changeZoom/selected_airplane_glue/INV	PASS
MAbs_helper	changeZoom/selected_airplane_glue_2/INV	PASS
MAbs_helper	changeZoom/dragged_airplane/INV	PASS
MAbs_helper	changeZoom/is_clicked_block/INV	PASS
MAbs_helper	changeZoom/block_slot_position/INV	PASS
MAbs_helper	changeZoom/mousePositionAirplane_glue/INV	PASS
MAbs_helper	changeZoom/mousePositionAirplane_glue_2/INV	PASS
MAbs_helper	changeZoom/abstract_isClicked/GRD	PASS
MAbs_helper	changeZoom/abstract_selectedAirplane/GRD	PASS
MAbs_helper	changeZoom/clicked_pos/SIM	PASS
MAbs_helper	selectAirplane/grd6,2/WD	PASS
MAbs_helper	selectAirplane/selected_airplane_glue/INV	PASS
MAbs_helper	selectAirplane/selected_airplane_glue_2/INV	PASS
MAbs_helper	selectAirplane/dragged_airplane/INV	PASS
MAbs_helper	selectAirplane/dragged_airplane_type_glue/INV	PASS
MAbs_helper	selectAirplane/mouse_over_airplane_when_dragged/INV	PASS
MAbs_helper	selectAirplane/abstract_selected/GRD	PASS
MAbs_helper	selectAirplane/no_dragged_abstract_airplane/GRD	PASS
MAbs_helper	selectAirplane/abstract_mouse/GRD	PASS
MAbs_helper	selectAirplane/dragged_airplane/WD	PASS
MAbs_helper	selectAirplane/press_mouse/SIM	PASS
MAbs_helper	deselectAirplane/grd6,3/WD	PASS
MAbs_helper	deselectAirplane/selected_airplane_glue/INV	PASS
MAbs_helper	deselectAirplane/selected_airplane_glue_2/INV	PASS
MAbs_helper	deselectAirplane/dragged_airplane/INV	PASS
MAbs_helper	deselectAirplane/grd6,1/GRD	PASS
MAbs_helper	deselectAirplane/grd6,2/GRD	PASS
MAbs_helper	deselectAirplane/no_abstract_dragged_airplane/GRD	PASS
MAbs_helper	resume_dragging_airplane/dragged_airplane/INV	PASS
MAbs_helper	resume_dragging_airplane/dragged_airplane_type_glue/INV	PASS
MAbs_helper	resume_dragging_airplane/mouse_over_airplane_when_dragged/INV	PASS
MAbs_helper	resume_dragging_airplane/airplane_abstract_selected/GRD	PASS
MAbs_helper	resume_dragging_airplane/no_abstract_dragged_airplane/GRD	PASS
MAbs_helper	resume_dragging_airplane/grd_abstract_mousePositionAirplane/GRD	PASS
MAbs_helper	resume_dragging_airplane/dragged_airplane/WD	PASS
MAbs_helper	resume_dragging_airplane/press_mouse/SIM	PASS
MAbs_helper	stop_dragging_airplane/dest_not_allowed/WD	PASS
MAbs_helper	stop_dragging_airplane/theorem/THM	PASS
MAbs_helper	stop_dragging_airplane/abstract_airplane/WFIS	PASS
MAbs_helper	stop_dragging_airplane/dragged_airplane/INV	PASS
MAbs_helper	stop_dragging_airplane/dragged_airplane_type_glue/INV	PASS
MAbs_helper	stop_dragging_airplane/mouse_over_airplane_when_dragged/INV	PASS
MAbs_helper	stop_dragging_airplane/get_dragged_airplane_time_abstract/GRD	PASS
MAbs_helper	stop_dragging_airplane/grd_abstrac_airplane/GRD	PASS
MAbs_helper	stop_dragging_airplane/clicked_pos/SIM	PASS
MAbs_helper	drag_airplane/different_time/WD	PASS
MAbs_helper	drag_airplane/dragged_airplane/INV	PASS
MAbs_helper	drag_airplane/dragged_airplane_type_glue/INV	PASS
MAbs_helper	drag_airplane/mouse_over_airplane_when_dragged/INV	PASS
MAbs_helper	drag_airplane/get_dragged_airplane/GRD	PASS
MAbs_helper	drag_airplane/grd9,2/GRD	PASS
MAbs_helper	start_dragging_zoom_slider/no_dragged_airplane_abstract/GRD	PASS
MAbs_helper	INITIALISATION/landing_sequence_2/WD	FAIL:not in .bpo
MAbs_helper	INITIALISATION/zoom_Position_card/WD	FAIL:not in .bpo
MAbs_helper	INITIALISATION/airplane_Position_card/WD	FAIL:not in .bpo
MAbs_helper	INITIALISATION/block_slot_position_card/WD	FAIL:not in .bpo
MAbs_helper	INITIALISATION/is_clicked_block_card/WD	FAIL:not in .bpo
MAbs_helper	INITIALISATION/actAbs/SIM	FAIL:not in .bpo
MAbs_helper	INITIALISATION/act1,1/SIM	FAIL:not in .bpo
MAbs_helper	INITIALISATION/act5,1/SIM	FAIL:not in .bpo
MAbs_helper	INITIALISATION/act7,1/SIM	FAIL:not in .bpo
MAbs_helper	INITIALISATION/abstract_dragged_airplane/SIM	FAIL:not in .bpo
MAbs_helper	INITIALISATION/dragged_zoom_level/SIM	FAIL:not in .bpo
MAbs_helper	INITIALISATION/act9,1/SIM	FAIL:not in .bpo
MAbs_helper	INITIALISATION/act9,3/SIM	FAIL:not in .bpo
MAbs_helper	INITIALISATION/act9,4/SIM	FAIL:not in .bpo
MAbs_helper	INITIALISATION/act9,5/SIM	FAIL:not in .bpo
MAbs_helper	Move_Mouse_Hold/zoom_Position_card/WD	FAIL:not in .bpo
MAbs_helper	Move_Mouse_Hold/airplane_Position_card/WD	FAIL:not in .bpo
MAbs_helper	Move_Mouse_Hold/block_slot_position_card/WD	FAIL:not in .bpo
MAbs_helper	Move_Mouse_Hold/act9,1/SIM	FAIL:not in .bpo
MAbs_helper	Move_Mouse_Hold/act9,2/SIM	FAIL:not in .bpo
MAbs_helper	Move_Mouse_Hold/act9,3/SIM	FAIL:not in .bpo
MAbs_helper	Move_Mouse_Zoom_Zooming/zoom_Position_card/WD	FAIL:not in .bpo
MAbs_helper	Move_Mouse_Zoom_Zooming/airplane_Position_card/WD	FAIL:not in .bpo
MAbs_helper	Move_Mouse_Zoom_Zooming/block_slot_position_card/WD	FAIL:not in .bpo
MAbs_helper	Move_Mouse_Zoom_Zooming/dragged_zoom_level/SIM	FAIL:not in .bpo
MAbs_helper	Move_Mouse_Zoom_Zooming/act9,1/SIM	FAIL:not in .bpo
MAbs_helper	Move_Mouse_Zoom_Zooming/act9,2/SIM	FAIL:not in .bpo
MAbs_helper	Move_Mouse_Zoom_Zooming/act9,3/SIM	FAIL:not in .bpo
MAbs_helper	Move_Mouse_Zoom_Zooming/act9,4/SIM	FAIL:not in .bpo
MAbs_helper	Move_Mouse_Zoom_Not_Zooming/zoom_Position_card/WD	FAIL:not in .bpo
MAbs_helper	Move_Mouse_Zoom_Not_Zooming/airplane_Position_card/WD	FAIL:not in .bpo
MAbs_helper	Move_Mouse_Zoom_Not_Zooming/block_slot_position_card/WD	FAIL:not in .bpo
MAbs_helper	Move_Mouse_Zoom_Not_Zooming/act9,1/SIM	FAIL:not in .bpo
MAbs_helper	Move_Mouse_Zoom_Not_Zooming/act9,2/SIM	FAIL:not in .bpo
MAbs_helper	Move_Mouse_Zoom_Not_Zooming/act9,3/SIM	FAIL:not in .bpo
MAbs_helper	Move_Mouse_Zoom_Not_Zooming/act9,4/SIM	FAIL:not in .bpo
MAbs_helper	Move_Mouse_Block/zoom_Position_card/WD	FAIL:not in .bpo
MAbs_helper	Move_Mouse_Block/airplane_Position_card/WD	FAIL:not in .bpo
MAbs_helper	Move_Mouse_Block/block_slot_position_card/WD	FAIL:not in .bpo
MAbs_helper	Move_Mouse_Block/grd9,1/GRD	FAIL:not in .bpo
MAbs_helper	Move_Mouse_Block/act9,1/SIM	FAIL:not in .bpo
MAbs_helper	Move_Mouse_Block/act9,2/SIM	FAIL:not in .bpo
MAbs_helper	Move_Mouse_Block/act9,3/SIM	FAIL:not in .bpo
MAbs_helper	Move_Mouse_Airplane/zoom_Position_card/WD	FAIL:not in .bpo
MAbs_helper	Move_Mouse_Airplane/airplane_Position_card/WD	FAIL:not in .bpo
MAbs_helper	Move_Mouse_Airplane/block_slot_position_card/WD	FAIL:not in .bpo
MAbs_helper	Move_Mouse_Airplane/act9,1/SIM	FAIL:not in .bpo
MAbs_helper	Move_Mouse_Airplane/act9,2/SIM	FAIL:not in .bpo
MAbs_helper	Move_Mouse_Airplane/act9,3/SIM	FAIL:not in .bpo
MAbs_helper	Move_Mouse_Nothing/zoom_Position_card/WD	FAIL:not in .bpo
MAbs_helper	Move_Mouse_Nothing/airplane_Position_card/WD	FAIL:not in .bpo
MAbs_helper	Move_Mouse_Nothing/block_slot_position_card/WD	FAIL:not in .bpo
MAbs_helper	Move_Mouse_Nothing/act9,1/SIM	FAIL:not in .bpo
MAbs_helper	Move_Mouse_Nothing/act9,2/SIM	FAIL:not in .bpo
MAbs_helper	Move_Mouse_Nothing/act9,3/SIM	FAIL:not in .bpo
MAbs_helper	AMAN_Update_mouse_to_nothing/landing_sequence_2/WD	FAIL:not in .bpo
MAbs_helper	AMAN_Update_mouse_to_nothing/airplane_Position_card/WD	FAIL:not in .bpo
MAbs_helper	AMAN_Update_mouse_to_nothing/abs_new_air/GRD	FAIL:not in .bpo
MAbs_helper	AMAN_Update_mouse_to_nothing/grdAbstractBlocked/GRD	FAIL:not in .bpo
MAbs_helper	AMAN_Update_mouse_to_nothing/act_schedule/SIM	FAIL:not in .bpo
MAbs_helper	AMAN_Update_mouse_to_nothing/act5,1/SIM	FAIL:not in .bpo
MAbs_helper	AMAN_Update_mouse_to_nothing/act7,1/SIM	FAIL:not in .bpo
MAbs_helper	AMAN_Update_mouse_to_nothing/act9,1/SIM	FAIL:not in .bpo
MAbs_helper	AMAN_Update_mouse_to_nothing/act9,2/SIM	FAIL:not in .bpo
MAbs_helper	AMAN_Update_mouse_to_nothing/actAbstractBlocked/SIM	FAIL:not in .bpo
MAbs_helper	AMAN_Update_mouse_to_nothing/new_scheduledAirplanes/WFIS	FAIL:not in .bpo
MAbs_helper	AMAN_Update_mouse_to_airplane/landing_sequence_2/WD	FAIL:not in .bpo
MAbs_helper	AMAN_Update_mouse_to_airplane/airplane_Position_card/WD	FAIL:not in .bpo
MAbs_helper	AMAN_Update_mouse_to_airplane/abs_new_air/GRD	FAIL:not in .bpo
MAbs_helper	AMAN_Update_mouse_to_airplane/grdAbstractBlocked/GRD	FAIL:not in .bpo
MAbs_helper	AMAN_Update_mouse_to_airplane/act_schedule/SIM	FAIL:not in .bpo
MAbs_helper	AMAN_Update_mouse_to_airplane/act5,1/SIM	FAIL:not in .bpo
MAbs_helper	AMAN_Update_mouse_to_airplane/act7,1/SIM	FAIL:not in .bpo
MAbs_helper	AMAN_Update_mouse_to_airplane/act9,1/SIM	FAIL:not in .bpo
MAbs_helper	AMAN_Update_mouse_to_airplane/act9,2/SIM	FAIL:not in .bpo
MAbs_helper	AMAN_Update_mouse_to_airplane/actAbstractBlocked/SIM	FAIL:not in .bpo
MAbs_helper	AMAN_Update_mouse_to_airplane/new_scheduledAirplanes/WFIS	FAIL:not in .bpo
MAbs_helper	AMAN_Update_mouse_stays/landing_sequence_2/WD	FAIL:not in .bpo
MAbs_helper	AMAN_Update_mouse_stays/abs_new_air/GRD	FAIL:not in .bpo
MAbs_helper	AMAN_Update_mouse_stays/grdAbstractBlocked/GRD	FAIL:not in .bpo
MAbs_helper	AMAN_Update_mouse_stays/act_schedule/SIM	FAIL:not in .bpo
MAbs_helper	AMAN_Update_mouse_stays/act5,1/SIM	FAIL:not in .bpo
MAbs_helper	AMAN_Update_mouse_stays/act7,1/SIM	FAIL:not in .bpo
MAbs_helper	AMAN_Update_mouse_stays/actAbstractBlocked/SIM	FAIL:not in .bpo
MAbs_helper	AMAN_Update_mouse_stays/new_scheduledAirplanes/WFIS	FAIL:not in .bpo
MAbs_helper	AMAN_Timeout/act5,1/SIM	FAIL:not in .bpo
MAbs_helper	AMAN_Timeout/act7,1/SIM	FAIL:not in .bpo
MAbs_helper	Move_Aircraft/landing_sequence_2/WD	FAIL:not in .bpo
MAbs_helper	Move_Aircraft/abstract_dragged_airplane/SIM	FAIL:not in .bpo
MAbs_helper	Move_Aircraft/act1,1/WD	FAIL:not in .bpo
MAbs_helper	Click_Hold_Button/act9,1/SIM	FAIL:not in .bpo
MAbs_helper	Release_Trigger_Hold_Button/act2,1/SIM	FAIL:not in .bpo
MAbs_helper	Release_Trigger_Hold_Button/act6,1/SIM	FAIL:not in .bpo
MAbs_helper	Release_Abort_Hold_Button/act9,1/SIM	FAIL:not in .bpo
MAbs_helper	Click_Block_Time/is_clicked_block_card/WD	FAIL:not in .bpo
MAbs_helper	Click_Block_Time/act9,1/SIM	FAIL:not in .bpo
MAbs_helper	Release_Trigger_Block_Time/is_clicked_block_card/WD	FAIL:not in .bpo
MAbs_helper	Release_Trigger_Block_Time/act3,1/SIM	FAIL:not in .bpo
MAbs_helper	Release_Trigger_Block_Time/actabstract_isClicked/SIM	FAIL:not in .bpo
MAbs_helper	Release_Abort_Time_Button/is_clicked_block_card/WD	FAIL:not in .bpo
MAbs_helper	Release_Abort_Time_Button/act_abstract_isClicked/SIM	FAIL:not in .bpo
MAbs_helper	Release_Trigger_Deblock_Time/is_clicked_block_card/WD	FAIL:not in .bpo
MAbs_helper	Release_Trigger_Deblock_Time/act3,1/SIM	FAIL:not in .bpo
MAbs_helper	Release_Trigger_Deblock_Time/abstract_isClicked_3/SIM	FAIL:not in .bpo
MAbs_helper	changeZoom/act6,1/SIM	FAIL:not in .bpo
MAbs_helper	changeZoom/dragged_zoom_level/SIM	FAIL:not in .bpo
MAbs_helper	changeZoom/selectedAirplane/SIM	FAIL:not in .bpo
MAbs_helper	changeZoom/new_abstract_selectedAirplane/WFIS	FAIL:not in .bpo
MAbs_helper	selectAirplane/act6,1/SIM	FAIL:not in .bpo
MAbs_helper	selectAirplane/abstract_dragged_airplane/SIM	FAIL:not in .bpo
MAbs_helper	selectAirplane/abstract_airplane/WFIS	FAIL:not in .bpo
MAbs_helper	deselectAirplane/act6,1/SIM	FAIL:not in .bpo
MAbs_helper	resume_dragging_airplane/abstract_dragged_airplane/SIM	FAIL:not in .bpo
MAbs_helper	resume_dragging_airplane/abstract_airplane/WFIS	FAIL:not in .bpo
MAbs_helper	stop_dragging_airplane/abstract_dragged_airplane/SIM	FAIL:not in .bpo
MAbs_helper	drag_airplane/abstract_dragged_airplane/SIM	FAIL:not in .bpo
MAbs_helper	start_dragging_zoom_slider/dragged_zoom_level/SIM	FAIL:not in .bpo
MAbs_helper	start_dragging_zoom_slider/press_mouse/SIM	FAIL:not in .bpo
MAbs_prob_mc_Ctx	axm_inst4,1/WD	PASS
MAbs_prob_mc_Ctx	abstract_blocks_card/WD	PASS
ENV_M-1	INITIALISATION/assocMult_next_train/INV	PASS
ENV_M-1	ENV_join_network/assocMult_next_train/INV	PASS
ENV_M-1	ENV_leave_network/assocMult_next_train/INV	PASS
ENV_M-1	ENV_train_split/assocMult_next_train/INV	PASS
ENV_M-1	INITIALISATION/TRAIN_supertypeOf_train/INV	FAIL:not in .bpo
ENV_M-1	ENV_join_network/TRAIN_supertypeOf_train/INV	FAIL:not in .bpo
ENV_M-1	ENV_leave_network/TRAIN_supertypeOf_train/INV	FAIL:not in .bpo
ENV_M-1	ENV_train_split/TRAIN_supertypeOf_train/INV	FAIL:not in .bpo
Env_C0	axm9/WD	PASS
Env_C0	axm10/WD	PASS
Env_C0	axm11/WD	PASS
Env_C0	axm12/WD	PASS
Env_C0	axm12/THM	PASS
Env_C1	axm6/WD	PASS
Env_C1	axm9/WD	PASS
Env_M0	inv2/WD	PASS
Env_M0	INITIALISATION/assocMult_occupiedBy/INV	PASS
Env_M0	INITIALISATION/inv1/INV	PASS
Env_M0	INITIALISATION/inv3/INV	PASS
Env_M0	INITIALISATION/inv2/INV	PASS
Env_M0	ENV_join_network/assocMult_occupiedBy/INV	PASS
Env_M0	ENV_join_network/inv1/INV	PASS
Env_M0	ENV_join_network/inv3/INV	PASS
Env_M0	ENV_join_network/inv2/INV	PASS
Env_M0	ENV_leave_network/assocMult_occupiedBy/INV	PASS
Env_M0	ENV_leave_network/inv1/INV	PASS
Env_M0	ENV_leave_network/inv3/INV	PASS
Env_M0	ENV_leave_network/inv2/INV	PASS
Env_M0	ENV_front_move_next/grdnext11/WD	PASS
Env_M0	ENV_front_move_next/grdnnn/WD	PASS
Env_M0	ENV_front_move_next/grdm/WD	PASS
Env_M0	ENV_front_move_next/assocMult_occupiedBy/INV	PASS
Env_M0	ENV_front_move_next/inv1/INV	PASS
Env_M0	ENV_front_move_next/inv2/INV	PASS
Env_M0	ENV_rear_leave_section/cdm_guards5/WD	PASS
Env_M0	ENV_rear_leave_section/assocMult_occupiedBy/INV	PASS
Env_M0	ENV_rear_leave_section/inv1/INV	PASS
Env_M0	ENV_rear_leave_section/inv2/INV	PASS
Env_M0	ENV_train_split/grd15/WD	PASS
Env_M0	ENV_train_split/grd1next/WD	PASS
Env_M0	ENV_train_split/assocMult_occupiedBy/INV	PASS
Env_M0	ENV_train_split/inv1/INV	PASS
Env_M0	ENV_train_split/inv3/INV	PASS
Env_M0	ENV_train_split/inv2/INV	PASS
Env_M0	INITIALISATION/TRAIN_supertypeOf_train/INV	FAIL:not in .bpo
Env_M0	INITIALISATION/inv2/WD	FAIL:not in .bpo
Env_M0	ENV_join_network/TRAIN_supertypeOf_train/INV	FAIL:not in .bpo
Env_M0	ENV_join_network/inv2/WD	FAIL:not in .bpo
Env_M0	ENV_leave_network/TRAIN_supertypeOf_train/INV	FAIL:not in .bpo
Env_M0	ENV_leave_network/inv2/WD	FAIL:not in .bpo
Env_M0	ENV_front_move_next/inv2/WD	FAIL:not in .bpo
Env_M0	ENV_rear_leave_section/inv2/WD	FAIL:not in .bpo
Env_M0	ENV_train_split/TRAIN_supertypeOf_train/INV	FAIL:not in .bpo
Env_M0	ENV_train_split/inv2/WD	FAIL:not in .bpo
Env_M1	INITIALISATION/typeof_ghost/INV	PASS
Env_M1	INITIALISATION/typeof_connected/INV	PASS
Env_M1	INITIALISATION/distinct_states_in_connected_sm/INV	PASS
Env_M1	ENV_leave_network/typeof_ghost/INV	PASS
Env_M1	ENV_leave_network/typeof_connected/INV	PASS
Env_M1	ENV_leave_network/distinct_states_in_connected_sm/INV	PASS
Env_M1	ENV_connect_radio/typeof_ghost/INV	PASS
Env_M1	ENV_connect_radio/typeof_connected/INV	PASS
Env_M1	ENV_connect_radio/distinct_states_in_connected_sm/INV	PASS
Env_M1	ENV_disconnect_radio/typeof_ghost/INV	PASS
Env_M1	ENV_disconnect_radio/typeof_connected/INV	PASS
Env_M1	ENV_disconnect_radio/distinct_states_in_connected_sm/INV	PASS
Env_M1	ENV_train_split/typeof_ghost/INV	PASS
Env_M1	ENV_train_split/typeof_connected/INV	PASS
Env_M1	ENV_train_split/distinct_states_in_connected_sm/INV	PASS
Env_M1	ENV_join_network/typeof_ghost/INV	PASS
Env_M1	ENV_join_network/typeof_connected/INV	PASS
Env_M1	ENV_join_network/distinct_states_in_connected_sm/INV	PASS
Env_M1	INITIALISATION/typeof_train/INV	FAIL:not in .bpo
Env_M1	ENV_leave_network/typeof_train/INV	FAIL:not in .bpo
Env_M1	ENV_front_move_next/grdnext11/WD	FAIL:not in .bpo
Env_M1	ENV_front_move_next/grdnnn/WD	FAIL:not in .bpo
Env_M1	ENV_front_move_next/grdm/WD	FAIL:not in .bpo
Env_M1	ENV_rear_leave_section/cdm_guards5/WD	FAIL:not in .bpo
Env_M1	ENV_train_split/typeof_train/INV	FAIL:not in .bpo
Env_M1	ENV_train_split/grd15/WD	FAIL:not in .bpo
Env_M1	ENV_train_split/grd1next/WD	FAIL:not in .bpo
Env_M1	ENV_join_network/typeof_train/INV	FAIL:not in .bpo
Env_M2	cdm_inv1/THM	PASS
Env_M2	INITIALISATION/inv1/INV	PASS
Env_M2	ENV_leave_network/inv1/INV	PASS
Env_M2	ENV_front_move_next/inv1/INV	PASS
Env_M2	ENV_rear_leave_section/grd3/WD	PASS
Env_M2	ENV_rear_leave_section/inv1/INV	PASS
Env_M2	ENV_train_split/inv1/INV	PASS
Env_M2	ENV_join_network/inv1/INV	PASS
Env_M2	ENV_last_train_leave_ttd/grd3/WD	PASS
Env_M2	ENV_last_train_leave_ttd/inv1/INV	PASS
Env_M2	ENV_leave_network_and_free_ttd/inv1/INV	PASS
Env_M2	INITIALISATION/TTD_supertypeOf_occupiedTTD/INV	FAIL:not in .bpo
Env_M2	ENV_front_move_next/TTD_supertypeOf_occupiedTTD/INV	FAIL:not in .bpo
Env_M2	ENV_front_move_next/grdnext11/WD	FAIL:not in .bpo
Env_M2	ENV_front_move_next/grdnnn/WD	FAIL:not in .bpo
Env_M2	ENV_front_move_next/grdm/WD	FAIL:not in .bpo
Env_M2	ENV_rear_leave_section/cdm_guards5/WD	FAIL:not in .bpo
Env_M2	ENV_train_split/grd15/WD	FAIL:not in .bpo
Env_M2	ENV_train_split/grd1next/WD	FAIL:not in .bpo
Env_M2	ENV_join_network/TTD_supertypeOf_occupiedTTD/INV	FAIL:not in .bpo
Env_M2	ENV_last_train_leave_ttd/TTD_supertypeOf_occupiedTTD/INV	FAIL:not in .bpo
Env_M2	ENV_leave_network_and_free_ttd/TTD_supertypeOf_occupiedTTD/INV	FAIL:not in .bpo
Env_M3	inv2/WD	PASS
Env_M3	inv3/WD	PASS
Env_M3	inv4/WD	PASS
Env_M3	INITIALISATION/typeof_noMission/INV	PASS
Env_M3	INITIALISATION/typeof_inMission/INV	PASS
Env_M3	INITIALISATION/distinct_states_in_train_statemachine1/INV	PASS
Env_M3	INITIALISATION/assocMult_ma/INV	PASS
Env_M3	INITIALISATION/attribType_unsafe/INV	PASS
Env_M3	INITIALISATION/inv1/INV	PASS
Env_M3	INITIALISATION/inv2/INV	PASS
Env_M3	INITIALISATION/inv3/INV	PASS
Env_M3	INITIALISATION/inv4/INV	PASS
Env_M3	ENV_leave_network/typeof_noMission/INV	PASS
Env_M3	ENV_leave_network/typeof_inMission/INV	PASS
Env_M3	ENV_leave_network/distinct_states_in_train_statemachine1/INV	PASS
Env_M3	ENV_leave_network/inv2/INV	PASS
Env_M3	ENV_leave_network/inv3/INV	PASS
Env_M3	ENV_leave_network/inv4/INV	PASS
Env_M3	ENV_front_move_next/inv2/INV	PASS
Env_M3	ENV_front_move_next/inv3/INV	PASS
Env_M3	ENV_front_move_next/inv4/INV	PASS
Env_M3	ENV_rear_leave_section/inv2/INV	PASS
Env_M3	ENV_rear_leave_section/inv3/INV	PASS
Env_M3	ENV_rear_leave_section/inv4/INV	PASS
Env_M3	ENV_reconnect_radio/inv1/INV	PASS
Env_M3	ENV_lost_connection_radio/inv1/INV	PASS
Env_M3	ENV_train_split/grd16/WD	PASS
Env_M3	ENV_train_split/typeof_noMission/INV	PASS
Env_M3	ENV_train_split/typeof_inMission/INV	PASS
Env_M3	ENV_train_split/distinct_states_in_train_statemachine1/INV	PASS
Env_M3	ENV_train_split/inv2/INV	PASS
Env_M3	ENV_train_split/inv3/INV	PASS
Env_M3	ENV_train_split/inv4/INV	PASS
Env_M3	ENV_join_network/typeof_noMission/INV	PASS
Env_M3	ENV_join_network/typeof_inMission/INV	PASS
Env_M3	ENV_join_network/distinct_states_in_train_statemachine1/INV	PASS
Env_M3	ENV_join_network/inv2/INV	PASS
Env_M3	ENV_join_network/inv3/INV	PASS
Env_M3	ENV_join_network/inv4/INV	PASS
Env_M3	ENV_last_train_leave_ttd/inv2/INV	PASS
Env_M3	ENV_last_train_leave_ttd/inv3/INV	PASS
Env_M3	ENV_last_train_leave_ttd/inv4/INV	PASS
Env_M3	ENV_leave_network_and_free_ttd/typeof_noMission/INV	PASS
Env_M3	ENV_leave_network_and_free_ttd/typeof_inMission/INV	PASS
Env_M3	ENV_leave_network_and_free_ttd/distinct_states_in_train_statemachine1/INV	PASS
Env_M3	ENV_leave_network_and_free_ttd/inv2/INV	PASS
Env_M3	ENV_leave_network_and_free_ttd/inv3/INV	PASS
Env_M3	ENV_leave_network_and_free_ttd/inv4/INV	PASS
Env_M3	ENV_start_of_mission/typeof_noMission/INV	PASS
Env_M3	ENV_start_of_mission/typeof_inMission/INV	PASS
Env_M3	ENV_start_of_mission/distinct_states_in_train_statemachine1/INV	PASS
Env_M3	ENV_start_of_mission/assocMult_ma/INV	PASS
Env_M3	ENV_start_of_mission/attribType_unsafe/INV	PASS
Env_M3	ENV_start_of_mission/inv1/INV	PASS
Env_M3	ENV_start_of_mission/inv2/INV	PASS
Env_M3	ENV_end_of_mission/typeof_noMission/INV	PASS
Env_M3	ENV_end_of_mission/typeof_inMission/INV	PASS
Env_M3	ENV_end_of_mission/distinct_states_in_train_statemachine1/INV	PASS
Env_M3	ENV_end_of_mission/assocMult_ma/INV	PASS
Env_M3	ENV_end_of_mission/attribType_unsafe/INV	PASS
Env_M3	ENV_end_of_mission/inv1/INV	PASS
Env_M3	ENV_end_of_mission/inv2/INV	PASS
Env_M3	RBC_extend_ma/grd3/WD	PASS
Env_M3	RBC_extend_ma/assocMult_ma/INV	PASS
Env_M3	RBC_extend_ma/inv2/INV	PASS
Env_M3	RBC_shrink_ma/grd1/WD	PASS
Env_M3	RBC_shrink_ma/grd4/WD	PASS
Env_M3	RBC_shrink_ma/assocMult_ma/INV	PASS
Env_M3	RBC_shrink_ma/inv2/INV	PASS
Env_M3	set_as_safe/grd1/WD	PASS
Env_M3	set_as_safe/attribType_unsafe/INV	PASS
Env_M3	set_as_safe/inv2/INV	PASS
Env_M3	set_as_unsafe/grd1/WD	PASS
Env_M3	set_as_unsafe/attribType_unsafe/INV	PASS
Env_M3	set_as_unsafe/inv2/INV	PASS
Env_M3	RBC_trim_ma/grd3/WD	PASS
Env_M3	RBC_trim_ma/assocMult_ma/INV	PASS
Env_M3	RBC_trim_ma/inv2/INV	PASS
Env_M3	INITIALISATION/inv2/WD	FAIL:not in .bpo
Env_M3	INITIALISATION/inv3/WD	FAIL:not in .bpo
Env_M3	INITIALISATION/inv4/WD	FAIL:not in .bpo
Env_M3	ENV_leave_network/inv2/WD	FAIL:not in .bpo
Env_M3	ENV_leave_network/inv3/WD	FAIL:not in .bpo
Env_M3	ENV_leave_network/inv4/WD	FAIL:not in .bpo
Env_M3	ENV_front_move_next/inv2/WD	FAIL:not in .bpo
Env_M3	ENV_front_move_next/inv3/WD	FAIL:not in .bpo
Env_M3	ENV_front_move_next/inv4/WD	FAIL:not in .bpo
Env_M3	ENV_front_move_next/grdnext11/WD	FAIL:not in .bpo
Env_M3	ENV_front_move_next/grdnnn/WD	FAIL:not in .bpo
Env_M3	ENV_front_move_next/grdm/WD	FAIL:not in .bpo
Env_M3	ENV_rear_leave_section/inv2/WD	FAIL:not in .bpo
Env_M3	ENV_rear_leave_section/inv3/WD	FAIL:not in .bpo
Env_M3	ENV_rear_leave_section/inv4/WD	FAIL:not in .bpo
Env_M3	ENV_rear_leave_section/cdm_guards5/WD	FAIL:not in .bpo
Env_M3	ENV_rear_leave_section/grd3/WD	FAIL:not in .bpo
Env_M3	ENV_train_split/inv2/WD	FAIL:not in .bpo
Env_M3	ENV_train_split/inv3/WD	FAIL:not in .bpo
Env_M3	ENV_train_split/inv4/WD	FAIL:not in .bpo
Env_M3	ENV_train_split/grd15/WD	FAIL:not in .bpo
Env_M3	ENV_train_split/grd1next/WD	FAIL:not in .bpo
Env_M3	ENV_join_network/inv2/WD	FAIL:not in .bpo
Env_M3	ENV_join_network/inv3/WD	FAIL:not in .bpo
Env_M3	ENV_join_network/inv4/WD	FAIL:not in .bpo
Env_M3	ENV_last_train_leave_ttd/inv2/WD	FAIL:not in .bpo
Env_M3	ENV_last_train_leave_ttd/inv3/WD	FAIL:not in .bpo
Env_M3	ENV_last_train_leave_ttd/inv4/WD	FAIL:not in .bpo
Env_M3	ENV_last_train_leave_ttd/grd3/WD	FAIL:not in .bpo
Env_M3	ENV_leave_network_and_free_ttd/inv2/WD	FAIL:not in .bpo
Env_M3	ENV_leave_network_and_free_ttd/inv3/WD	FAIL:not in .bpo
Env_M3	ENV_leave_network_and_free_ttd/inv4/WD	FAIL:not in .bpo
Env_M3	ENV_start_of_mission/inv2/WD	FAIL:not in .bpo
Env_M3	ENV_start_of_mission/leave_ghost/SIM	FAIL:not in .bpo
Env_M3	ENV_start_of_mission/enter_connected/SIM	FAIL:not in .bpo
Env_M3	ENV_start_of_mission/act1/WD	FAIL:not in .bpo
Env_M3	ENV_end_of_mission/inv2/WD	FAIL:not in .bpo
Env_M3	ENV_end_of_mission/leave_connected/SIM	FAIL:not in .bpo
Env_M3	ENV_end_of_mission/enter_ghost/SIM	FAIL:not in .bpo
Env_M3	RBC_extend_ma/inv2/WD	FAIL:not in .bpo
Env_M3	RBC_shrink_ma/inv2/WD	FAIL:not in .bpo
Env_M3	set_as_safe/inv2/WD	FAIL:not in .bpo
Env_M3	set_as_safe/act1/WD	FAIL:not in .bpo
Env_M3	set_as_unsafe/inv2/WD	FAIL:not in .bpo
Env_M3	set_as_unsafe/act1/WD	FAIL:not in .bpo
Env_M3	RBC_trim_ma/inv2/WD	FAIL:not in .bpo
VBD_M4	inv1/WD	PASS
VBD_M4	inv2/WD	PASS
VBD_M4	INITIALISATION/assocMult_reportedPosition/INV	PASS
VBD_M4	INITIALISATION/attribType_disconnectPropagationTimerExpired/INV	PASS
VBD_M4	INITIALISATION/attribType_muteTimerExpired/INV	PASS
VBD_M4	INITIALISATION/inv1/INV	PASS
VBD_M4	INITIALISATION/inv2/INV	PASS
VBD_M4	ENV_leave_network/inv1/INV	PASS
VBD_M4	ENV_leave_network/inv2/INV	PASS
VBD_M4	ENV_front_move_next/grd4/WD	PASS
VBD_M4	ENV_front_move_next/inv1/INV	PASS
VBD_M4	ENV_front_move_next/inv2/INV	PASS
VBD_M4	ENV_rear_leave_section/grd4/WD	PASS
VBD_M4	ENV_rear_leave_section/inv1/INV	PASS
VBD_M4	ENV_rear_leave_section/inv2/INV	PASS
VBD_M4	VBD_mute_timer_expired/attribType_muteTimerExpired/INV	PASS
VBD_M4	ENV_train_split/grd16/WD	PASS
VBD_M4	ENV_train_split/grd17/WD	PASS
VBD_M4	ENV_train_split/grd18/WD	PASS
VBD_M4	ENV_train_split/inv1/INV	PASS
VBD_M4	ENV_train_split/inv2/INV	PASS
VBD_M4	ENV_join_network/inv1/INV	PASS
VBD_M4	ENV_join_network/inv2/INV	PASS
VBD_M4	ENV_last_train_leave_ttd/inv1/INV	PASS
VBD_M4	ENV_last_train_leave_ttd/inv2/INV	PASS
VBD_M4	ENV_leave_network_and_free_ttd/inv1/INV	PASS
VBD_M4	ENV_leave_network_and_free_ttd/inv2/INV	PASS
VBD_M4	ENV_start_of_mission/assocMult_reportedPosition/INV	PASS
VBD_M4	ENV_start_of_mission/attribType_muteTimerExpired/INV	PASS
VBD_M4	ENV_start_of_mission/inv1/INV	PASS
VBD_M4	ENV_start_of_mission/inv2/INV	PASS
VBD_M4	ENV_end_of_mission/assocMult_reportedPosition/INV	PASS
VBD_M4	ENV_end_of_mission/attribType_muteTimerExpired/INV	PASS
VBD_M4	ENV_end_of_mission/inv1/INV	PASS
VBD_M4	ENV_end_of_mission/inv2/INV	PASS
VBD_M4	RBC_trim_ma/grd3/WD	PASS
VBD_M4	RBC_trim_ma/grd3/GRD	PASS
VBD_M4	VBD_receive_position_report/grd2/WD	PASS
VBD_M4	VBD_receive_position_report/grd5/WD	PASS
VBD_M4	VBD_receive_position_report/assocMult_reportedPosition/INV	PASS
VBD_M4	VBD_receive_position_report/attribType_disconnectPropagationTimerExpired/INV	PASS
VBD_M4	VBD_receive_position_report/attribType_muteTimerExpired/INV	PASS
VBD_M4	VBD_receive_position_report/inv1/INV	PASS
VBD_M4	VBD_receive_position_report/inv2/INV	PASS
VBD_M4	VBD_disconnect_propagation_timer_expired/grd2/WD	PASS
VBD_M4	VBD_disconnect_propagation_timer_expired/attribType_disconnectPropagationTimerExpired/INV	PASS
VBD_M4	INITIALISATION/inv1/WD	FAIL:not in .bpo
VBD_M4	INITIALISATION/inv2/WD	FAIL:not in .bpo
VBD_M4	ENV_leave_network/inv1/WD	FAIL:not in .bpo
VBD_M4	ENV_leave_network/inv2/WD	FAIL:not in .bpo
VBD_M4	ENV_front_move_next/inv1/WD	FAIL:not in .bpo
VBD_M4	ENV_front_move_next/inv2/WD	FAIL:not in .bpo
VBD_M4	ENV_front_move_next/grdnext11/WD	FAIL:not in .bpo
VBD_M4	ENV_front_move_next/grdnnn/WD	FAIL:not in .bpo
VBD_M4	ENV_front_move_next/grdm/WD	FAIL:not in .bpo
VBD_M4	ENV_rear_leave_section/inv1/WD	FAIL:not in .bpo
VBD_M4	ENV_rear_leave_section/inv2/WD	FAIL:not in .bpo
VBD_M4	ENV_rear_leave_section/cdm_guards5/WD	FAIL:not in .bpo
VBD_M4	ENV_rear_leave_section/grd3/WD	FAIL:not in .bpo
VBD_M4	VBD_mute_timer_expired/act1/WD	FAIL:not in .bpo
VBD_M4	ENV_train_split/inv1/WD	FAIL:not in .bpo
VBD_M4	ENV_train_split/inv2/WD	FAIL:not in .bpo
VBD_M4	ENV_train_split/instanceUpdate_tr/SIM	FAIL:not in .bpo
VBD_M4	ENV_train_split/act1/SIM	FAIL:not in .bpo
VBD_M4	ENV_train_split/act2/SIM	FAIL:not in .bpo
VBD_M4	ENV_train_split/cdm_actions6/SIM	FAIL:not in .bpo
VBD_M4	ENV_train_split/enter_noMission/SIM	FAIL:not in .bpo
VBD_M4	ENV_train_split/grd15/WD	FAIL:not in .bpo
VBD_M4	ENV_train_split/grdnext/WD	FAIL:not in .bpo
VBD_M4	ENV_join_network/inv1/WD	FAIL:not in .bpo
VBD_M4	ENV_join_network/inv2/WD	FAIL:not in .bpo
VBD_M4	ENV_last_train_leave_ttd/inv1/WD	FAIL:not in .bpo
VBD_M4	ENV_last_train_leave_ttd/inv2/WD	FAIL:not in .bpo
VBD_M4	ENV_last_train_leave_ttd/grd3/WD	FAIL:not in .bpo
VBD_M4	ENV_leave_network_and_free_ttd/inv1/WD	FAIL:not in .bpo
VBD_M4	ENV_leave_network_and_free_ttd/inv2/WD	FAIL:not in .bpo
VBD_M4	ENV_start_of_mission/inv1/WD	FAIL:not in .bpo
VBD_M4	ENV_start_of_mission/inv2/WD	FAIL:not in .bpo
VBD_M4	ENV_start_of_mission/act1/WD	FAIL:not in .bpo
VBD_M4	ENV_start_of_mission/act4/WD	FAIL:not in .bpo
VBD_M4	ENV_end_of_mission/inv1/WD	FAIL:not in .bpo
VBD_M4	ENV_end_of_mission/inv2/WD	FAIL:not in .bpo
VBD_M4	RBC_extend_ma/grd3/WD	FAIL:not in .bpo
VBD_M4	RBC_shrink_ma/grd1/WD	FAIL:not in .bpo
VBD_M4	RBC_shrink_ma/grd4/WD	FAIL:not in .bpo
VBD_M4	set_as_safe/grd1/WD	FAIL:not in .bpo
VBD_M4	set_as_safe/act1/WD	FAIL:not in .bpo
VBD_M4	set_as_unsafe/grd1/WD	FAIL:not in .bpo
VBD_M4	set_as_unsafe/act1/WD	FAIL:not in .bpo
VBD_M4	RBC_trim_ma/act1/SIM	FAIL:not in .bpo
VBD_M4	VBD_receive_position_report/inv1/WD	FAIL:not in .bpo
VBD_M4	VBD_receive_position_report/inv2/WD	FAIL:not in .bpo
VBD_M4	VBD_receive_position_report/act2/WD	FAIL:not in .bpo
VBD_M4	VBD_disconnect_propagation_timer_expired/act1/WD	FAIL:not in .bpo
VBD_M5	INITIALISATION/typeof_trusted/INV	PASS
VBD_M5	INITIALISATION/typeof_controlled/INV	PASS
VBD_M5	INITIALISATION/distinct_states_in_inMission_ma_mode/INV	PASS
VBD_M5	INITIALISATION/inv1/INV	PASS
VBD_M5	ENV_start_of_mission/typeof_trusted/INV	PASS
VBD_M5	ENV_start_of_mission/typeof_controlled/INV	PASS
VBD_M5	ENV_start_of_mission/distinct_states_in_inMission_ma_mode/INV	PASS
VBD_M5	ENV_start_of_mission/inv1/INV	PASS
VBD_M5	ENV_end_of_mission/typeof_trusted/INV	PASS
VBD_M5	ENV_end_of_mission/typeof_controlled/INV	PASS
VBD_M5	ENV_end_of_mission/distinct_states_in_inMission_ma_mode/INV	PASS
VBD_M5	ENV_end_of_mission/inv1/INV	PASS
VBD_M5	RBC_extend_fs_ma/grd3/WD	PASS
VBD_M5	RBC_extend_fs_ma/typeof_trusted/INV	PASS
VBD_M5	RBC_extend_fs_ma/typeof_controlled/INV	PASS
VBD_M5	RBC_extend_fs_ma/distinct_states_in_inMission_ma_mode/INV	PASS
VBD_M5	RBC_extend_fs_ma/inv1/INV	PASS
VBD_M5	RBC_extend_fs_ma/grd1/GRD	PASS
VBD_M5	RBC_extend_os_ma/typeof_trusted/INV	PASS
VBD_M5	RBC_extend_os_ma/typeof_controlled/INV	PASS
VBD_M5	RBC_extend_os_ma/distinct_states_in_inMission_ma_mode/INV	PASS
VBD_M5	RBC_extend_os_ma/inv1/INV	PASS
VBD_M5	RBC_shrink_ma/inv1/INV	PASS
VBD_M5	RBC_trim_ma/inv1/INV	PASS
VBD_M5	VBD_add_available_vss/grd1/WD	PASS
VBD_M5	VBD_remove_available_vss/grd1/WD	PASS
VBD_M5	INITIALISATION/VSS_supertypeOf_availableVSS/INV	FAIL:not in .bpo
VBD_M5	ENV_front_move_next/grdnext11/WD	FAIL:not in .bpo
VBD_M5	ENV_front_move_next/grdnnn/WD	FAIL:not in .bpo
VBD_M5	ENV_front_move_next/grdm/WD	FAIL:not in .bpo
VBD_M5	ENV_front_move_next/grd4/WD	FAIL:not in .bpo
VBD_M5	ENV_rear_leave_section/cdm_guards5/WD	FAIL:not in .bpo
VBD_M5	ENV_rear_leave_section/grd3/WD	FAIL:not in .bpo
VBD_M5	ENV_rear_leave_section/grd4/WD	FAIL:not in .bpo
VBD_M5	VBD_mute_timer_expired/act1/WD	FAIL:not in .bpo
VBD_M5	ENV_train_split/grd15/WD	FAIL:not in .bpo
VBD_M5	ENV_train_split/grd16/WD	FAIL:not in .bpo
VBD_M5	ENV_train_split/grd17/WD	FAIL:not in .bpo
VBD_M5	ENV_train_split/grd18/WD	FAIL:not in .bpo
VBD_M5	ENV_train_split/grdnext/WD	FAIL:not in .bpo
VBD_M5	ENV_last_train_leave_ttd/grd3/WD	FAIL:not in .bpo
VBD_M5	ENV_start_of_mission/act1/WD	FAIL:not in .bpo
VBD_M5	ENV_start_of_mission/act4/WD	FAIL:not in .bpo
VBD_M5	RBC_extend_fs_ma/act1/SIM	FAIL:not in .bpo
VBD_M5	RBC_extend_os_ma/act1/SIM	FAIL:not in .bpo
VBD_M5	RBC_extend_os_ma/grd3/WD	FAIL:not in .bpo
VBD_M5	RBC_shrink_ma/grd1/WD	FAIL:not in .bpo
VBD_M5	RBC_shrink_ma/grd4/WD	FAIL:not in .bpo
VBD_M5	set_as_safe/grd1/WD	FAIL:not in .bpo
VBD_M5	set_as_safe/act1/WD	FAIL:not in .bpo
VBD_M5	set_as_unsafe/grd1/WD	FAIL:not in .bpo
VBD_M5	set_as_unsafe/act1/WD	FAIL:not in .bpo
VBD_M5	RBC_trim_ma/grd3/WD	FAIL:not in .bpo
VBD_M5	VBD_receive_position_report/grd2/WD	FAIL:not in .bpo
VBD_M5	VBD_receive_position_report/grd5/WD	FAIL:not in .bpo
VBD_M5	VBD_receive_position_report/act2/WD	FAIL:not in .bpo
VBD_M5	VBD_disconnect_propagation_timer_expired/grd2/WD	FAIL:not in .bpo
VBD_M5	VBD_disconnect_propagation_timer_expired/act1/WD	FAIL:not in .bpo
VBD_M5	VBD_add_available_vss/VSS_supertypeOf_availableVSS/INV	FAIL:not in .bpo
VBD_M5	VBD_remove_available_vss/VSS_supertypeOf_availableVSS/INV	FAIL:not in .bpo
VBD_M6	INITIALISATION/typeof_nonIntegral/INV	PASS
VBD_M6	INITIALISATION/typeof_integral/INV	PASS
VBD_M6	INITIALISATION/distinct_states_in_connected_integrity/INV	PASS
VBD_M6	ENV_reconnect_radio/typeof_nonIntegral/INV	PASS
VBD_M6	ENV_reconnect_radio/typeof_integral/INV	PASS
VBD_M6	ENV_reconnect_radio/distinct_states_in_connected_integrity/INV	PASS
VBD_M6	VBD_mute_timer_expired/typeof_nonIntegral/INV	PASS
VBD_M6	VBD_mute_timer_expired/typeof_integral/INV	PASS
VBD_M6	VBD_mute_timer_expired/distinct_states_in_connected_integrity/INV	PASS
VBD_M6	ENV_start_of_mission/typeof_nonIntegral/INV	PASS
VBD_M6	ENV_start_of_mission/typeof_integral/INV	PASS
VBD_M6	ENV_start_of_mission/distinct_states_in_connected_integrity/INV	PASS
VBD_M6	ENV_end_of_mission/typeof_nonIntegral/INV	PASS
VBD_M6	ENV_end_of_mission/typeof_integral/INV	PASS
VBD_M6	ENV_end_of_mission/distinct_states_in_connected_integrity/INV	PASS
VBD_M6	VBD_receive_position_report_integrity_loss/typeof_nonIntegral/INV	PASS
VBD_M6	VBD_receive_position_report_integrity_loss/typeof_integral/INV	PASS
VBD_M6	VBD_receive_position_report_integrity_loss/distinct_states_in_connected_integrity/INV	PASS
VBD_M6	VBD_receive_position_report_integrity_confirmed/typeof_nonIntegral/INV	PASS
VBD_M6	VBD_receive_position_report_integrity_confirmed/typeof_integral/INV	PASS
VBD_M6	VBD_receive_position_report_integrity_confirmed/distinct_states_in_connected_integrity/INV	PASS
VBD_M6	VBD_receive_position_report_integrity_unavailable/typeof_nonIntegral/INV	PASS
VBD_M6	VBD_receive_position_report_integrity_unavailable/typeof_integral/INV	PASS
VBD_M6	VBD_receive_position_report_integrity_unavailable/distinct_states_in_connected_integrity/INV	PASS
VBD_M6	VBD_receive_position_report_train_length_changed/typeof_nonIntegral/INV	PASS
VBD_M6	VBD_receive_position_report_train_length_changed/typeof_integral/INV	PASS
VBD_M6	VBD_receive_position_report_train_length_changed/distinct_states_in_connected_integrity/INV	PASS
VBD_M6	ENV_front_move_next/grdnext11/WD	FAIL:not in .bpo
VBD_M6	ENV_front_move_next/grdnnn/WD	FAIL:not in .bpo
VBD_M6	ENV_front_move_next/grdm/WD	FAIL:not in .bpo
VBD_M6	ENV_front_move_next/grd4/WD	FAIL:not in .bpo
VBD_M6	ENV_rear_leave_section/cdm_guards5/WD	FAIL:not in .bpo
VBD_M6	ENV_rear_leave_section/grd3/WD	FAIL:not in .bpo
VBD_M6	ENV_rear_leave_section/grd4/WD	FAIL:not in .bpo
VBD_M6	VBD_mute_timer_expired/act1/WD	FAIL:not in .bpo
VBD_M6	ENV_train_split/grd15/WD	FAIL:not in .bpo
VBD_M6	ENV_train_split/grd16/WD	FAIL:not in .bpo
VBD_M6	ENV_train_split/grd17/WD	FAIL:not in .bpo
VBD_M6	ENV_train_split/grd18/WD	FAIL:not in .bpo
VBD_M6	ENV_train_split/grdnext/WD	FAIL:not in .bpo
VBD_M6	ENV_last_train_leave_ttd/grd3/WD	FAIL:not in .bpo
VBD_M6	ENV_start_of_mission/act1/WD	FAIL:not in .bpo
VBD_M6	ENV_start_of_mission/act4/WD	FAIL:not in .bpo
VBD_M6	RBC_extend_fs_ma/grd3/WD	FAIL:not in .bpo
VBD_M6	RBC_extend_os_ma/grd3/WD	FAIL:not in .bpo
VBD_M6	RBC_shrink_ma/grd1/WD	FAIL:not in .bpo
VBD_M6	RBC_shrink_ma/grd4/WD	FAIL:not in .bpo
VBD_M6	set_as_safe/grd1/WD	FAIL:not in .bpo
VBD_M6	set_as_safe/act1/WD	FAIL:not in .bpo
VBD_M6	set_as_unsafe/grd1/WD	FAIL:not in .bpo
VBD_M6	set_as_unsafe/act1/WD	FAIL:not in .bpo
VBD_M6	RBC_trim_ma/grd3/WD	FAIL:not in .bpo
VBD_M6	VBD_receive_position_report_integrity_loss/act1/SIM	FAIL:not in .bpo
VBD_M6	VBD_receive_position_report_integrity_loss/act2/SIM	FAIL:not in .bpo
VBD_M6	VBD_receive_position_report_integrity_loss/act3/SIM	FAIL:not in .bpo
VBD_M6	VBD_receive_position_report_integrity_loss/grd2/WD	FAIL:not in .bpo
VBD_M6	VBD_receive_position_report_integrity_loss/grd5/WD	FAIL:not in .bpo
VBD_M6	VBD_receive_position_report_integrity_loss/act2/WD	FAIL:not in .bpo
VBD_M6	VBD_disconnect_propagation_timer_expired/grd2/WD	FAIL:not in .bpo
VBD_M6	VBD_disconnect_propagation_timer_expired/act1/WD	FAIL:not in .bpo
VBD_M6	VBD_add_available_vss/grd1/WD	FAIL:not in .bpo
VBD_M6	VBD_remove_available_vss/grd1/WD	FAIL:not in .bpo
VBD_M6	VBD_receive_position_report_integrity_confirmed/act1/SIM	FAIL:not in .bpo
VBD_M6	VBD_receive_position_report_integrity_confirmed/act2/SIM	FAIL:not in .bpo
VBD_M6	VBD_receive_position_report_integrity_confirmed/act3/SIM	FAIL:not in .bpo
VBD_M6	VBD_receive_position_report_integrity_confirmed/grd2/WD	FAIL:not in .bpo
VBD_M6	VBD_receive_position_report_integrity_confirmed/grd5/WD	FAIL:not in .bpo
VBD_M6	VBD_receive_position_report_integrity_confirmed/act2/WD	FAIL:not in .bpo
VBD_M6	VBD_receive_position_report_integrity_unavailable/act1/SIM	FAIL:not in .bpo
VBD_M6	VBD_receive_position_report_integrity_unavailable/act2/SIM	FAIL:not in .bpo
VBD_M6	VBD_receive_position_report_integrity_unavailable/act3/SIM	FAIL:not in .bpo
VBD_M6	VBD_receive_position_report_integrity_unavailable/grd2/WD	FAIL:not in .bpo
VBD_M6	VBD_receive_position_report_integrity_unavailable/grd5/WD	FAIL:not in .bpo
VBD_M6	VBD_receive_position_report_integrity_unavailable/act2/WD	FAIL:not in .bpo
VBD_M6	VBD_receive_position_report_train_length_changed/act1/SIM	FAIL:not in .bpo
VBD_M6	VBD_receive_position_report_train_length_changed/act2/SIM	FAIL:not in .bpo
VBD_M6	VBD_receive_position_report_train_length_changed/act3/SIM	FAIL:not in .bpo
VBD_M6	VBD_receive_position_report_train_length_changed/grd2/WD	FAIL:not in .bpo
VBD_M6	VBD_receive_position_report_train_length_changed/grd5/WD	FAIL:not in .bpo
VBD_M6	VBD_receive_position_report_train_length_changed/act2/WD	FAIL:not in .bpo
